"","Date","lat","lon","dep","yr","mag"
"1",1900-01-05,-3,102,0,1900,7
"2",1900-01-11,-5,148,0,1900,7
"3",1900-01-18,44.5,148.5,35,1900,6.7
"4",1900-01-20,20,-105,0,1900,7.3
"5",1900-01-31,48,146,450,1900,7.5
"6",1900-04-24,27,126.5,35,1900,6.9
"7",1900-05-11,38.7,141.1,5,1900,7
"8",1900-05-16,20,-105,0,1900,6.9
"9",1900-06-21,10,-85.5,0,1900,7.2
"10",1900-07-29,-10,165,0,1900,7.6
"11",1900-08-05,37.3,141.7,35,1900,6.6
"12",1900-08-29,41.2,142.8,35,1900,6.8
"13",1900-09-17,-5,148,0,1900,7.1
"14",1900-10-07,-4,140,0,1900,6.9
"15",1900-10-09,57.09,-153.48,0,1900,7.7
"16",1900-10-29,11,-66,0,1900,7.7
"17",1900-11-05,33.9,139.4,5,1900,6.6
"18",1900-11-09,13,-90,0,1900,7
"19",1900-11-12,3,147,0,1900,6.9
"20",1900-11-24,43.5,148,35,1900,7
"21",1900-12-25,43,146,35,1900,7.1
"22",1901-01-07,-2,-82,0,1901,7.2
"23",1901-01-13,42.3,143.8,35,1901,6.8
"24",1901-01-18,60,-135,0,1901,7.1
"25",1901-02-15,26,100.1,0,1901,6.5
"26",1901-03-05,25,-110,0,1901,6.9
"27",1901-03-16,-10,40,0,1901,6.9
"28",1901-04-05,2,130,0,1901,6.8
"29",1901-04-05,44.5,149,35,1901,7.3
"30",1901-04-21,29.5,90.1,0,1901,6.8
"31",1901-05-14,44.5,149,35,1901,6.6
"32",1901-05-25,-10,160,0,1901,7.2
"33",1901-06-15,39,143,35,1901,7
"34",1901-06-24,28,130,35,1901,7.2
"35",1901-06-24,28,130,35,1901,6.5
"36",1901-08-09,40.5,142.5,35,1901,7.2
"37",1901-08-09,-22,170,0,1901,7.9
"38",1901-08-09,40.6,142.3,35,1901,7.5
"39",1901-08-10,-5,155,0,1901,6.9
"40",1901-08-11,-23,178,0,1901,6.8
"41",1901-09-08,-11,170,0,1901,6.9
"42",1901-09-30,40.2,141.9,35,1901,6.8
"43",1901-10-08,13,-87,0,1901,7.1
"44",1901-11-15,-43,173,0,1901,6.8
"45",1901-11-25,3,127,0,1901,7
"46",1901-12-09,26,-110,0,1901,7.1
"47",1901-12-14,14,122,0,1901,7
"48",1901-12-31,52,-177,0,1901,7.1
"49",1902-01-01,55,-165,0,1902,7
"50",1902-01-12,3,122,0,1902,7
"51",1902-01-17,41.6,141.9,35,1902,6.5
"52",1902-01-24,-8,150,0,1902,7.2
"53",1902-01-30,40.5,141.3,35,1902,6.9
"54",1902-01-30,40.9,141.7,0,1902,6.9
"55",1902-01-31,41.6,142.2,35,1902,6.6
"56",1902-02-09,-20,-174,0,1902,6.9
"57",1902-02-09,-43,-171,0,1902,6.9
"58",1902-02-17,20,-70,0,1902,6.9
"59",1902-02-20,41.4,141.8,35,1902,6.7
"60",1902-03-05,-20,-70,0,1902,6.8
"61",1902-03-22,35,-120,0,1902,6.8
"62",1902-03-28,0,133,0,1902,6.9
"63",1902-04-11,51.6,104.5,16,1902,6.6
"64",1902-04-19,14,-91,0,1902,7.5
"65",1902-05-02,39,144,35,1902,7
"66",1902-05-08,30.5,131.5,35,1902,6.6
"67",1902-05-28,42.8,144.8,35,1902,6.5
"68",1902-07-03,43.2,129.6,20,1902,6.7
"69",1902-07-06,-25,-175,0,1902,6.8
"70",1902-08-22,40,77,0,1902,7.7
"71",1902-08-30,40,77,0,1902,6.8
"72",1902-09-22,18,146,0,1902,7.5
"73",1902-09-23,16,-93,0,1902,7.8
"74",1902-10-06,36.5,70.5,200,1902,7.2
"75",1902-11-04,36,96,0,1902,6.9
"76",1902-11-20,-22,170,0,1902,6.9
"77",1902-11-21,22.5,121.5,5,1902,6.8
"78",1902-12-12,29,-114,0,1902,7.1
"79",1903-01-04,-20,-175,400,1903,7.8
"80",1903-01-14,15,-98,0,1903,7.4
"81",1903-01-17,50,-170,0,1903,7
"82",1903-02-01,48,98,0,1903,7.1
"83",1903-02-03,34,137,100,1903,6.5
"84",1903-02-05,52,175,0,1903,6.8
"85",1903-02-27,-8,106,0,1903,7.3
"86",1903-04-19,37,71,160,1903,6.9
"87",1903-04-29,-20,-175,0,1903,7.1
"88",1903-05-13,-17,168,0,1903,7
"89",1903-06-02,57,-156,0,1903,6.9
"90",1903-08-11,36.36,22.97,80,1903,8.1
"91",1903-10-29,-20,167,0,1903,6.9
"92",1903-10-30,-20,175,0,1903,6.8
"93",1903-11-26,52.7,107.6,30,1903,6.7
"94",1903-12-07,-27,-70,0,1903,6.8
"95",1903-12-23,-10,165,0,1903,6.8
"96",1903-12-28,7,127,0,1903,7.1
"97",1904-01-07,-50,165,0,1904,6.9
"98",1904-01-20,7,-79,0,1904,7.2
"99",1904-03-18,42.7,146.1,35,1904,6.8
"100",1904-03-19,-29,-71,0,1904,7
"101",1904-04-04,41.75,23.25,0,1904,7.1
"102",1904-05-01,-33,-178,0,1904,6.8
"103",1904-05-01,2,130,0,1904,7
"104",1904-06-07,39,135,350,1904,7.4
"105",1904-06-25,52,159,0,1904,7.5
"106",1904-06-25,52,159,0,1904,7.6
"107",1904-06-27,52,159,0,1904,7.2
"108",1904-07-24,52,159,0,1904,6.7
"109",1904-08-08,-42,179,0,1904,6.9
"110",1904-08-24,30,131,35,1904,7.1
"111",1904-08-27,64,-151,0,1904,7.2
"112",1904-08-30,30,101,0,1904,6.8
"113",1904-10-03,12,58,0,1904,7
"114",1904-10-28,8,113,0,1904,7
"115",1904-12-20,8.5,-83,0,1904,7.2
"116",1904-12-27,31,138,100,1904,6.7
"117",1905-01-13,0,143,0,1905,6.8
"118",1905-01-22,1,123,90,1905,7.8
"119",1905-02-14,53,-178,0,1905,7.2
"120",1905-02-17,26,96,0,1905,6.8
"121",1905-02-19,-10,168,0,1905,6.8
"122",1905-02-27,-23,-176,0,1905,6.9
"123",1905-03-04,-4,149,60,1905,6.9
"124",1905-03-04,-4,149,0,1905,6.8
"125",1905-03-18,-27.5,-173,60,1905,7.3
"126",1905-03-18,-10,168,0,1905,7.2
"127",1905-03-22,50,180,0,1905,7
"128",1905-04-04,33,76,0,1905,7.8
"129",1905-04-19,-32,-171,0,1905,6.8
"130",1905-04-26,-21,-70,60,1905,6.8
"131",1905-05-18,-4,149,0,1905,6.9
"132",1905-06-02,34.1,132.5,55,1905,7
"133",1905-06-14,-20,-175,0,1905,7
"134",1905-06-30,-20,-175,0,1905,7.1
"135",1905-07-06,37.4,141.8,35,1905,7.1
"136",1905-07-06,42,132,100,1905,6.5
"137",1905-07-09,49.4,97.3,0,1905,8
"138",1905-07-11,49.5,97.3,20,1905,7
"139",1905-07-11,22,143,450,1905,7.2
"140",1905-07-14,49.5,97.3,20,1905,6.5
"141",1905-07-23,49.3,94.9,0,1905,8.5
"142",1905-08-25,43,131,500,1905,6.6
"143",1905-09-01,45,143,250,1905,7.3
"144",1905-09-08,39,16,0,1905,6.8
"145",1905-09-15,55,165,0,1905,7.3
"146",1905-09-26,29,74,60,1905,6.9
"147",1905-10-21,42,42,60,1905,7.3
"148",1905-11-08,40,24,0,1905,6.8
"149",1905-12-04,38,37,60,1905,6.8
"150",1905-12-10,50,180,0,1905,6.9
"151",1905-12-17,17,-113,0,1905,7.1
"152",1906-01-21,34,137,350,1906,7.7
"153",1906-01-31,1,-80,0,1906,8.6
"154",1906-02-19,-10,160,0,1906,7.1
"155",1906-03-02,43,80,60,1906,7.1
"156",1906-03-03,2,-90,0,1906,6.8
"157",1906-03-16,23.6,120.4,5,1906,6.8
"158",1906-04-10,20,-110,0,1906,7.2
"159",1906-04-13,23.6,120.4,5,1906,7.1
"160",1906-04-13,23.6,120.4,5,1906,6.9
"161",1906-04-18,37.75,-122.55,10,1906,7.7
"162",1906-06-01,0,145,0,1906,7.1
"163",1906-06-19,20,122,60,1906,6.9
"164",1906-06-24,15,92,60,1906,7.1
"165",1906-08-17,50.6,178.36,0,1906,8.4
"166",1906-08-17,-32.4,-71.4,0,1906,8.2
"167",1906-08-19,-33,-72,0,1906,6.9
"168",1906-08-25,9,39,0,1906,6.8
"169",1906-08-26,-4,149,0,1906,7
"170",1906-08-30,-21,-70,0,1906,7.1
"171",1906-08-31,27,97,100,1906,6.7
"172",1906-09-07,34,141,35,1906,7
"173",1906-09-14,-7,149,0,1906,8
"174",1906-09-17,-4,149,0,1906,6.8
"175",1906-09-28,-2,-79,150,1906,7.5
"176",1906-10-02,-4,149,0,1906,7.2
"177",1906-10-08,52.5,154.5,200,1906,6.7
"178",1906-10-17,19,121,60,1906,7.1
"179",1906-10-24,40,68,0,1906,6.9
"180",1906-10-24,36.5,68,32,1906,6.8
"181",1906-11-14,-25,172,0,1906,6.9
"182",1906-11-19,-22,109,0,1906,7.2
"183",1906-12-03,15,-61,100,1906,7.2
"184",1906-12-18,-19,-172,0,1906,6.8
"185",1906-12-19,-19,-172,0,1906,7.2
"186",1906-12-22,43.5,85,0,1906,7.2
"187",1906-12-23,56.85,-153.9,0,1906,7.2
"188",1906-12-26,-20,-73,0,1906,7
"189",1907-01-02,-21.1,-175.1,0,1907,7.3
"190",1907-01-04,2,94.5,50,1907,7.5
"191",1907-01-08,-65,-30,0,1907,6.9
"192",1907-02-03,-6,148,60,1907,7
"193",1907-02-06,29,139,400,1907,6.9
"194",1907-03-26,38,135,350,1907,6.6
"195",1907-03-29,3,122,500,1907,7.2
"196",1907-03-31,-18,-177,400,1907,7.2
"197",1907-04-13,36.5,70.5,260,1907,6.8
"198",1907-04-15,17,-100,0,1907,7.9
"199",1907-04-18,14,123,0,1907,7.1
"200",1907-04-18,13.5,123,0,1907,7
"201",1907-05-04,-7.5,153.7,60,1907,7.5
"202",1907-05-04,28,141,200,1907,6.9
"203",1907-05-07,-2.8,144.5,0,1907,6.8
"204",1907-05-25,50.5,148,600,1907,7.4
"205",1907-06-01,0,-82,0,1907,7
"206",1907-06-05,0,-86,0,1907,7
"207",1907-06-13,-39.5,-73,0,1907,6.8
"208",1907-06-25,1,127,200,1907,7.5
"209",1907-06-27,-3,170,0,1907,6.8
"210",1907-07-05,43.7,145.5,100,1907,6.6
"211",1907-07-09,14,123,60,1907,6.8
"212",1907-07-20,7.1,125.6,0,1907,6.8
"213",1907-08-17,52,157,120,1907,7.2
"214",1907-09-02,52,173,0,1907,7.3
"215",1907-10-11,-15,167,0,1907,6.9
"216",1907-10-16,28,-112.5,0,1907,7.2
"217",1907-10-21,38,69,0,1907,7.2
"218",1907-11-21,5.9,95.3,0,1907,6.8
"219",1907-12-02,40.1,142.3,35,1907,6.7
"220",1907-12-15,-3.1,142.5,0,1907,6.9
"221",1907-12-23,43.8,145,150,1907,6.7
"222",1907-12-25,36.5,70.5,240,1907,6.6
"223",1907-12-30,12.1,-86.3,0,1907,7.2
"224",1908-01-11,23,121.1,5,1908,6.8
"225",1908-01-15,37.3,141.8,35,1908,7.1
"226",1908-02-09,26,100,60,1908,7.1
"227",1908-03-05,9,126,0,1908,6.9
"228",1908-03-26,18,-99,80,1908,7.7
"229",1908-03-27,17,-101,0,1908,7
"230",1908-04-16,36.5,70.5,220,1908,6.6
"231",1908-04-19,42,134,450,1908,6.7
"232",1908-04-22,-38,48,0,1908,7
"233",1908-05-03,43,146.5,35,1908,6.5
"234",1908-05-05,3,123,0,1908,6.9
"235",1908-05-15,59,-141,0,1908,7
"236",1908-05-17,35,24,100,1908,6.6
"237",1908-08-17,-60,-40,0,1908,7.2
"238",1908-08-20,32,89,60,1908,6.8
"239",1908-09-21,19,-155,0,1908,6.8
"240",1908-10-06,45.5,26.5,150,1908,6.6
"241",1908-10-13,18,-102,0,1908,6.9
"242",1908-10-23,36.5,70.5,220,1908,6.9
"243",1908-10-24,36.5,70.5,220,1908,7
"244",1908-11-02,-2,97,0,1908,6.9
"245",1908-11-06,45,150,0,1908,6.9
"246",1908-12-12,-14,-78,60,1908,8
"247",1908-12-12,26.5,97,0,1908,7
"248",1908-12-28,38,15.5,0,1908,7
"249",1909-01-23,33,53,0,1909,7
"250",1909-02-09,40,38,60,1909,6.6
"251",1909-02-22,-18,-179,550,1909,7.6
"252",1909-02-26,5,-95,60,1909,6.9
"253",1909-03-10,30.5,130.5,100,1909,6.5
"254",1909-03-12,34.5,141.5,35,1909,6.9
"255",1909-03-13,34.5,141.5,35,1909,7.6
"256",1909-03-17,30.5,137.5,450,1909,6.7
"257",1909-03-17,-2,121,0,1909,6.9
"258",1909-03-22,35,141.5,35,1909,6.6
"259",1909-04-10,-15,167,0,1909,6.9
"260",1909-04-10,77.5,128,0,1909,6.6
"261",1909-04-10,52,175,0,1909,7
"262",1909-04-14,25,122.5,5,1909,7.1
"263",1909-04-25,4,127,100,1909,7.1
"264",1909-04-27,0,147,0,1909,7.1
"265",1909-04-29,-35,53,0,1909,6.6
"266",1909-05-17,-20,-64,250,1909,7
"267",1909-05-30,-8,131,100,1909,7.1
"268",1909-06-03,-2,101,0,1909,7.2
"269",1909-06-08,-26.5,-70.5,0,1909,7.2
"270",1909-06-12,-19,170,0,1909,6.9
"271",1909-06-27,-10,162,0,1909,6.8
"272",1909-07-07,36.5,70.5,230,1909,7.6
"273",1909-07-30,17,-100.5,0,1909,7.6
"274",1909-07-31,17,-100.5,0,1909,6.9
"275",1909-08-04,28.8,90.5,0,1909,6.5
"276",1909-08-14,35.4,136.3,5,1909,6.7
"277",1909-08-16,10,-84,0,1909,6.8
"278",1909-08-18,-22,172,100,1909,7.2
"279",1909-09-08,52.5,-169,90,1909,7
"280",1909-09-10,28,129,100,1909,6.6
"281",1909-09-16,42,142,35,1909,6.8
"282",1909-10-20,30,68,0,1909,7
"283",1909-10-30,-6,131,250,1909,6.7
"284",1909-10-31,8,-105,0,1909,6.9
"285",1909-11-10,32.3,131.1,150,1909,7.5
"286",1909-11-21,25.5,122,5,1909,7.1
"287",1909-12-09,-8,161,0,1909,7
"288",1909-12-09,12,144.5,50,1909,6.8
"289",1910-01-01,16.5,-84,60,1910,7.1
"290",1910-01-08,35,122,0,1910,6.6
"291",1910-01-22,67.5,-17,0,1910,6.9
"292",1910-01-23,12,-60.5,100,1910,6.9
"293",1910-01-30,-22,170,0,1910,7
"294",1910-02-03,-17,168,0,1910,6.8
"295",1910-02-04,-17,168,0,1910,7
"296",1910-02-12,33,138,350,1910,7.2
"297",1910-02-18,36,24.5,150,1910,6.9
"298",1910-03-30,-21,170,80,1910,7.1
"299",1910-03-31,-71,-6,0,1910,7.1
"300",1910-04-12,25,123,200,1910,7.6
"301",1910-04-20,-20,-177,330,1910,7
"302",1910-05-01,-20,169,80,1910,7.1
"303",1910-05-13,57,-160,100,1910,6.6
"304",1910-05-22,44,148,35,1910,6.9
"305",1910-05-31,10,-105,0,1910,7
"306",1910-06-01,-20,169,80,1910,7.3
"307",1910-06-01,-20,169,80,1910,7.1
"308",1910-06-09,30,139,400,1910,6.7
"309",1910-06-16,-19,169.5,100,1910,7.9
"310",1910-06-17,21,121,0,1910,6.8
"311",1910-06-29,-32,-176,0,1910,7.2
"312",1910-06-29,-28,-178,0,1910,6.9
"313",1910-07-07,-12,108,0,1910,6.8
"314",1910-07-12,37,76,120,1910,6.6
"315",1910-07-29,-5,143,80,1910,6.7
"316",1910-08-05,42,-127,0,1910,6.6
"317",1910-08-21,-17,-179,600,1910,7.4
"318",1910-09-01,21,122,0,1910,7
"319",1910-09-01,24,122,0,1910,6.8
"320",1910-09-06,-25,-70,0,1910,7.1
"321",1910-09-07,-6,151,80,1910,7.2
"322",1910-09-09,51.5,-176,25,1910,7
"323",1910-09-24,17,-96,80,1910,6.7
"324",1910-10-04,-22,-69,120,1910,7.2
"325",1910-11-06,53,-135,0,1910,6.8
"326",1910-11-09,-16,166,70,1910,7.5
"327",1910-11-10,-14,166.5,90,1910,7.1
"328",1910-11-14,24.5,122,0,1910,6.8
"329",1910-11-15,-58,-22,60,1910,7.2
"330",1910-11-26,-14,167,50,1910,7.2
"331",1910-11-29,25,125,0,1910,6.9
"332",1910-12-04,-10,140,0,1910,6.8
"333",1910-12-10,-11,162.5,50,1910,7.2
"334",1910-12-13,-8,31,0,1910,7.6
"335",1910-12-14,-21,-178,600,1910,7.2
"336",1910-12-16,4.5,126.5,0,1910,7.6
"337",1911-01-01,38,66,50,1911,6.8
"338",1911-01-03,43.5,77.5,0,1911,7.8
"339",1911-02-18,40,73,0,1911,7.2
"340",1911-02-23,27,128,5,1911,6.9
"341",1911-03-06,6,126,100,1911,6.6
"342",1911-03-24,24,123,35,1911,6.8
"343",1911-04-04,36.5,25.5,140,1911,7
"344",1911-04-10,9,-74,100,1911,7
"345",1911-04-18,32,56,50,1911,6.5
"346",1911-04-28,0,-71,600,1911,6.9
"347",1911-05-04,51,157,240,1911,7.4
"348",1911-06-07,17.5,-102.5,0,1911,7.6
"349",1911-06-15,28,130,90,1911,8.1
"350",1911-06-30,28.5,97.5,0,1911,6.5
"351",1911-07-04,36,70.5,190,1911,7.4
"352",1911-07-05,-7.5,117.5,370,1911,7
"353",1911-07-11,-14,167,150,1911,6.7
"354",1911-07-12,9,126,0,1911,7.5
"355",1911-07-19,-29,-179,200,1911,6.7
"356",1911-08-16,7,137,0,1911,7.7
"357",1911-08-21,-21,-176,300,1911,7.2
"358",1911-08-27,17,-96,100,1911,6.6
"359",1911-09-06,46,143,350,1911,7
"360",1911-09-12,-23,172.5,150,1911,6.6
"361",1911-09-15,-20,-72,0,1911,7.1
"362",1911-09-17,51,180,0,1911,7.1
"363",1911-09-22,60.5,-149,60,1911,6.7
"364",1911-10-06,19,-70.5,0,1911,6.8
"365",1911-10-14,31,80.5,0,1911,6.6
"366",1911-10-20,-12.5,166,160,1911,7
"367",1911-10-29,11,-101,0,1911,6.6
"368",1911-11-08,34.5,140.5,35,1911,6.5
"369",1911-11-13,52,173,0,1911,6.9
"370",1911-11-21,39,136,300,1911,6.6
"371",1911-11-22,-15,169,200,1911,7.3
"372",1911-12-16,17,-100.5,50,1911,7.6
"373",1911-12-31,-2,143.5,0,1911,6.8
"374",1912-01-04,52,-179,25,1912,6.7
"375",1912-01-24,38,20.5,60,1912,6.6
"376",1912-01-31,61,-147.5,80,1912,7
"377",1912-03-25,-18,169,240,1912,6.9
"378",1912-04-25,36.5,70.5,220,1912,6.6
"379",1912-05-06,64,-20,0,1912,7
"380",1912-05-11,-9,72,0,1912,6.6
"381",1912-05-13,57,162,100,1912,6.6
"382",1912-05-23,21,97,0,1912,7.7
"383",1912-06-08,40.5,142,35,1912,6.6
"384",1912-06-10,59,-153,0,1912,6.9
"385",1912-06-12,17,-89,0,1912,6.6
"386",1912-07-07,64,-147,0,1912,7.2
"387",1912-07-09,3,33,0,1912,6.6
"388",1912-07-24,-5,-80,0,1912,7
"389",1912-07-24,31,137.5,450,1912,6.6
"390",1912-08-06,-14,167,260,1912,7.3
"391",1912-08-09,40.5,27,0,1912,7.6
"392",1912-08-17,4,127,0,1912,7.2
"393",1912-08-23,36.5,70.5,200,1912,6.6
"394",1912-09-01,-4.5,155,430,1912,7
"395",1912-09-29,7,138,50,1912,7.5
"396",1912-10-18,54.6,179.2,60,1912,6.9
"397",1912-10-26,14,146,130,1912,7
"398",1912-10-31,7,138,0,1912,6.9
"399",1912-11-07,57.5,-155,90,1912,7.3
"400",1912-11-19,19,-100,80,1912,6.9
"401",1912-12-05,57.5,-154,90,1912,6.9
"402",1912-12-07,-29,-62.5,620,1912,7.3
"403",1912-12-08,39,143.5,35,1912,6.6
"404",1912-12-09,15.5,-93,0,1912,7.1
"405",1912-12-23,0,123,50,1912,6.7
"406",1912-12-24,24,121.6,0,1912,6.5
"407",1913-01-07,23.8,121.7,0,1913,6.7
"408",1913-01-08,23.8,121.7,0,1913,6.5
"409",1913-01-11,1.5,122,0,1913,7.2
"410",1913-01-19,1,88,0,1913,6.9
"411",1913-01-19,46,151,150,1913,6.9
"412",1913-02-14,-9,162,100,1913,6.6
"413",1913-02-20,41,144,0,1913,7
"414",1913-03-03,28,129,150,1913,6.6
"415",1913-03-14,4.5,126.5,0,1913,7.9
"416",1913-03-23,24,142,80,1913,7.1
"417",1913-03-31,51,-179,60,1913,6.7
"418",1913-04-02,32,132,35,1913,6.7
"419",1913-04-13,32,132,35,1913,6.6
"420",1913-04-25,9.5,128.8,0,1913,7.2
"421",1913-05-08,-17,-174.5,200,1913,6.9
"422",1913-05-18,14.5,145.5,0,1913,7
"423",1913-05-30,-5,154,0,1913,7.7
"424",1913-06-04,-1.5,150,0,1913,6.8
"425",1913-06-14,43.5,25.5,0,1913,6.6
"426",1913-06-22,48,-178,0,1913,7
"427",1913-06-26,-20,-174,0,1913,7.7
"428",1913-07-28,-17,-74,0,1913,7
"429",1913-08-01,47.5,155.5,0,1913,7.5
"430",1913-08-06,-17,-74,0,1913,7.8
"431",1913-08-13,-5.5,105,75,1913,7.3
"432",1913-10-11,-7,148,0,1913,7
"433",1913-10-11,40,144,35,1913,6.9
"434",1913-10-12,40,144,35,1913,6.6
"435",1913-10-14,-19.5,169,230,1913,7.6
"436",1913-11-10,-18,169,80,1913,7.2
"437",1913-11-15,-23,171,150,1913,7.1
"438",1913-12-21,24.5,102,0,1913,7.2
"439",1914-01-12,31.6,130.6,5,1914,6.7
"440",1914-01-20,52.9,159.6,60,1914,7
"441",1914-01-30,-35,-73,0,1914,7.5
"442",1914-02-06,29.5,65,100,1914,6.8
"443",1914-02-07,41,143,35,1914,6.8
"444",1914-02-26,-18,-67,130,1914,7.2
"445",1914-03-14,39.5,140.4,5,1914,7
"446",1914-03-28,25,99,100,1914,6.7
"447",1914-03-30,17,-92,150,1914,7.2
"448",1914-04-11,-12,163,50,1914,7.2
"449",1914-05-26,-2,137,0,1914,7.9
"450",1914-05-28,9,-78,70,1914,6.9
"451",1914-06-20,-12,166,50,1914,7
"452",1914-06-25,-4.5,102.5,0,1914,7.6
"453",1914-07-04,29,128,200,1914,6.7
"454",1914-07-04,-5.5,129,200,1914,7.1
"455",1914-07-06,24,122,60,1914,6.6
"456",1914-08-04,43.5,91.5,0,1914,7.2
"457",1914-08-06,-6,123,600,1914,6.7
"458",1914-08-22,44,-129,0,1914,6.6
"459",1914-09-11,44,148,35,1914,6.5
"460",1914-10-03,16,-61,100,1914,7.4
"461",1914-10-03,37.5,32.5,0,1914,7.1
"462",1914-10-09,35,78,0,1914,6.6
"463",1914-10-11,12,94,80,1914,7.2
"464",1914-10-23,6,132.5,0,1914,7.6
"465",1914-11-22,-39,176,100,1914,7
"466",1914-11-24,22,143,110,1914,7.9
"467",1914-11-28,29,131,35,1914,6.9
"468",1915-01-05,-15,168,200,1915,7.3
"469",1915-01-05,25.1,123.3,150,1915,7.3
"470",1915-01-13,42,13.5,0,1915,6.9
"471",1915-02-25,-20,180,600,1915,7.1
"472",1915-02-28,23.6,123.5,0,1915,7.5
"473",1915-03-08,39,142,0,1915,6.8
"474",1915-03-12,12,124,40,1915,6.6
"475",1915-03-17,42.1,143.6,35,1915,7.2
"476",1915-04-23,-8,-68,650,1915,6.9
"477",1915-05-01,47.5,154.5,35,1915,7.9
"478",1915-05-06,39.5,-126.5,0,1915,6.6
"479",1915-05-08,-23,39,0,1915,6.6
"480",1915-06-01,78.5,8,0,1915,6.6
"481",1915-06-04,40,143.5,35,1915,6.7
"482",1915-06-06,-18.5,-68.5,160,1915,7.3
"483",1915-06-27,44,148,35,1915,6.5
"484",1915-07-31,54,162,0,1915,7.5
"485",1915-08-06,43,150.5,0,1915,7.1
"486",1915-08-12,-2.5,119.5,60,1915,6.6
"487",1915-09-07,14,-89,80,1915,7.4
"488",1915-09-11,5.5,123.5,600,1915,6.6
"489",1915-09-23,16,39,0,1915,6.6
"490",1915-10-03,40.5,-117.5,0,1915,7.6
"491",1915-10-08,32.8,139.1,200,1915,7
"492",1915-10-11,19,-67,0,1915,6.6
"493",1915-10-12,39,144,35,1915,6.8
"494",1915-11-01,38.3,142.9,35,1915,7.5
"495",1915-11-01,38,143,35,1915,6.7
"496",1915-11-01,38,143,35,1915,7
"497",1915-11-18,37.7,143.1,35,1915,7
"498",1915-11-21,32,-115,0,1915,7.1
"499",1915-12-03,29.5,91.5,0,1915,7
"500",1915-12-06,41,145,35,1915,6.5
"501",1915-12-17,42,79.5,0,1915,6.5
"502",1916-01-01,-4,154,0,1916,7.7
"503",1916-01-13,-3,136,0,1916,7.3
"504",1916-01-13,-3,135.5,0,1916,7.6
"505",1916-01-24,41,37,0,1916,7.2
"506",1916-01-25,45,144,250,1916,6.9
"507",1916-02-01,29.5,131.5,0,1916,7.4
"508",1916-02-06,45,151,35,1916,6.7
"509",1916-02-06,48.5,178.5,0,1916,7.5
"510",1916-02-27,12,-90,0,1916,7.3
"511",1916-03-18,41.5,144.5,35,1916,6.6
"512",1916-03-25,24,124,0,1916,6.5
"513",1916-04-07,-30,55,0,1916,7.2
"514",1916-04-14,32.5,142,35,1916,6.6
"515",1916-04-18,53.25,-170,170,1916,7.4
"516",1916-04-21,32.5,141.8,35,1916,7
"517",1916-04-24,18.5,-68,80,1916,7
"518",1916-04-24,11,-85,0,1916,7.2
"519",1916-04-26,10,-85,0,1916,7.1
"520",1916-06-02,17.5,-95,150,1916,7
"521",1916-06-21,-28.5,-63,600,1916,7.4
"522",1916-07-08,-18,180,600,1916,7.1
"523",1916-07-16,39.5,144,35,1916,6.8
"524",1916-07-27,4,96.5,100,1916,7
"525",1916-08-03,-4,144.5,0,1916,7.1
"526",1916-08-25,-21,-68,180,1916,7
"527",1916-08-27,37.2,141.1,35,1916,6.8
"528",1916-08-28,30,81,0,1916,7.2
"529",1916-08-28,23.9,120.5,5,1916,7.2
"530",1916-09-11,-9,113,100,1916,7.1
"531",1916-09-15,34.4,141.2,35,1916,7.1
"532",1916-10-03,-14,-74.5,0,1916,7.1
"533",1916-10-28,46,146,100,1916,6.5
"534",1916-10-31,45.4,154,0,1916,7.6
"535",1916-11-24,39.2,142.7,35,1916,6.6
"536",1916-11-30,19,-70,0,1916,6.6
"537",1917-01-04,21.9,120.9,0,1917,6.5
"538",1917-01-06,22,121,0,1917,6.5
"539",1917-01-24,31,114,0,1917,6.5
"540",1917-01-30,56.5,163,0,1917,7.7
"541",1917-02-15,-30,-73,0,1917,6.8
"542",1917-02-20,19.5,-78.5,0,1917,7.2
"543",1917-03-15,39.7,144.1,0,1917,6.9
"544",1917-04-21,37,70.5,220,1917,7.1
"545",1917-05-01,-29,-177,0,1917,8.1
"546",1917-05-31,54.5,-160,0,1917,7.5
"547",1917-06-24,-21,-174,60,1917,6.6
"548",1917-06-26,-14.37,-173.35,0,1917,8
"549",1917-07-04,25,123,0,1917,7.2
"550",1917-07-04,25,123,0,1917,7
"551",1917-07-27,19,-67.5,50,1917,7
"552",1917-07-27,-31,-70,60,1917,6.9
"553",1917-07-29,41,144,0,1917,7
"554",1917-07-29,-3.5,141,0,1917,7.6
"555",1917-07-30,29,104,0,1917,7.3
"556",1917-07-31,42,131,500,1917,7.4
"557",1917-08-30,-7.5,128,100,1917,7.3
"558",1917-08-31,4,-74,0,1917,7.1
"559",1917-11-04,4.8,96.8,0,1917,7.1
"560",1917-11-16,-29,-177.5,0,1917,7.3
"561",1917-12-29,15,-97,0,1917,7.5
"562",1918-01-30,45.447,136.741,330.4,1918,7.4
"563",1918-02-07,6.778,126.688,218.1,1918,7.2
"564",1918-02-13,23.54,117.243,15,1918,7.2
"565",1918-04-10,43.476,130.919,564.9,1918,7
"566",1918-04-21,33.812,-117.44,15,1918,6.6
"567",1918-05-20,7.341,-34.802,15,1918,7.1
"568",1918-05-20,-28.899,-71.893,35,1918,7.6
"569",1918-05-20,-2.341,152.973,35,1918,6.5
"570",1918-05-22,-17.47,-176.486,35,1918,7.1
"571",1918-05-23,27.753,-110.933,15,1918,6.6
"572",1918-05-25,-31.108,-92.109,15,1918,6.6
"573",1918-07-03,-3.471,143.217,35,1918,7.2
"574",1918-07-08,24.809,90.725,15,1918,7.5
"575",1918-07-25,36.2,142.3,35,1918,6.7
"576",1918-08-15,5.653,123.563,35,1918,8.2
"577",1918-08-15,5.232,125.886,35,1918,6.9
"578",1918-09-07,46.812,150.253,242.4,1918,7.6
"579",1918-09-22,-1.634,98.378,35,1918,6.6
"580",1918-09-22,45,150,35,1918,6.7
"581",1918-09-30,-23.363,171.469,35,1918,6.6
"582",1918-10-11,18.473,-67.631,35,1918,7.3
"583",1918-10-14,-20.902,-173.296,35,1918,6.6
"584",1918-10-27,-1.121,150.278,35,1918,7.2
"585",1918-11-03,-49.885,163.001,15,1918,6.6
"586",1918-11-08,43.816,152.775,63.5,1918,7.5
"587",1918-11-11,36.5,137.9,5,1918,6.5
"588",1918-11-18,-7.168,129.21,35,1918,7.5
"589",1918-11-23,-8.283,126.567,217.9,1918,7.1
"590",1918-12-04,-27.275,-73.464,25,1918,7.5
"591",1918-12-06,50.662,-122.964,15,1918,6.8
"592",1918-12-25,-7.073,152.652,458.9,1918,6.6
"593",1919-01-01,7.184,126.937,35,1919,7.1
"594",1919-01-01,-19.971,-177.914,202.7,1919,7.7
"595",1919-03-02,-41.401,-72.222,15,1919,7.2
"596",1919-03-02,-42.284,-76.452,15,1919,7.1
"597",1919-04-17,-30.924,-177.725,35,1919,6.9
"598",1919-04-17,14.039,-92.288,25,1919,6.9
"599",1919-04-30,-18.42,-173.43,35,1919,8.2
"600",1919-05-03,41.007,145.233,35,1919,7.3
"601",1919-05-06,-5.477,152.629,232.8,1919,7.6
"602",1919-06-01,27.074,123.315,35,1919,7.1
"603",1919-06-29,11.935,-88.289,35,1919,6.6
"604",1919-07-08,-9.834,37.343,15,1919,6.6
"605",1919-08-03,36,142.5,35,1919,6.7
"606",1919-08-18,-19.762,-178.108,214.6,1919,7
"607",1919-08-29,-2.682,127.493,35,1919,7
"608",1919-08-31,-15.88,167.337,35,1919,7.3
"609",1919-11-20,-12.675,166.434,113,1919,6.8
"610",1919-12-20,22.5,122.5,35,1919,7.1
"611",1919-12-20,23.536,121.212,35,1919,7
"612",1920-02-02,-6.474,151.685,35,1920,7.6
"613",1920-02-07,40.6,143,35,1920,6.7
"614",1920-02-22,47.25,146.238,355.1,1920,7.1
"615",1920-03-20,-35.697,-110.833,15,1920,7
"616",1920-04-11,47.5,153,100,1920,6.9
"617",1920-04-19,17.242,-97.19,35,1920,6.6
"618",1920-05-06,43,131.5,500,1920,6.5
"619",1920-05-12,34.83,139.476,150,1920,6.6
"620",1920-05-20,-12.339,166.527,84.7,1920,6.6
"621",1920-06-05,23.813,122.08,35,1920,7.9
"622",1920-08-03,5.881,127.691,345.2,1920,6.6
"623",1920-08-03,-27.308,-68.267,35,1920,6.6
"624",1920-08-15,-11.887,165.8,35,1920,6.6
"625",1920-09-16,41.6,142.1,35,1920,6.5
"626",1920-09-20,-19.919,168.53,35,1920,7.8
"627",1920-10-18,45.548,149.401,35,1920,7.1
"628",1920-12-10,-39.456,-74.988,35,1920,7.2
"629",1920-12-16,36.601,105.317,25,1920,8
"630",1920-12-19,37.3,141,35,1920,6.8
"631",1921-01-02,44.5,149.5,35,1921,6.8
"632",1921-02-04,15.411,-90.78,35,1921,7.4
"633",1921-02-19,-2.047,139.624,35,1921,6.6
"634",1921-02-27,-18.647,-173.185,35,1921,7.1
"635",1921-03-03,37.7,141.5,35,1921,6.9
"636",1921-03-28,13.356,-87.361,35,1921,7.2
"637",1921-03-30,-7.118,127.71,170,1921,6.6
"638",1921-04-01,1.665,98.66,35,1921,6.6
"639",1921-04-02,23,123,35,1921,7.2
"640",1921-05-20,35.62,70.76,35,1921,6.6
"641",1921-06-28,-39.421,177.351,150,1921,6.6
"642",1921-07-04,28.885,129.915,35,1921,7.4
"643",1921-09-11,-13.095,110.177,25,1921,7.3
"644",1921-09-13,-56.259,-28.622,35,1921,7
"645",1921-09-27,40.5,139,5,1921,6.5
"646",1921-10-12,45.3,148.6,100,1921,6.6
"647",1921-10-15,-12.694,167.03,35,1921,6.8
"648",1921-10-20,-20.06,-68.956,113.6,1921,7.2
"649",1921-11-11,7.897,127.257,35,1921,7.3
"650",1921-11-15,36.116,70.724,152.1,1921,7.6
"651",1921-12-08,36,140.2,35,1921,7
"652",1921-12-18,-4.043,-71.223,544.8,1921,7.5
"653",1922-01-06,-20.408,-76.389,25,1922,7.1
"654",1922-01-09,23.22,-45.931,15,1922,7
"655",1922-01-17,-6.482,-71.859,358.5,1922,7.4
"656",1922-01-22,37.5,141.5,35,1922,6.5
"657",1922-01-31,40.7,-125.553,15,1922,7.2
"658",1922-03-04,52.924,157.181,241.4,1922,7.1
"659",1922-03-10,-20.656,179.626,570,1922,6.6
"660",1922-03-28,-21.454,-68.13,136.4,1922,7.1
"661",1922-04-26,35.2,139.8,35,1922,6.8
"662",1922-05-15,40.3,144.2,35,1922,6.5
"663",1922-06-02,7.404,127.299,35,1922,6.6
"664",1922-06-12,23.198,-108.908,15,1922,6.6
"665",1922-07-05,38.3,142,35,1922,6.5
"666",1922-07-10,-19.287,-64.207,667.1,1922,6.6
"667",1922-07-11,22,143,35,1922,6.6
"668",1922-08-13,35.325,27.373,35,1922,6.6
"669",1922-08-14,52.069,130.539,15,1922,6.6
"670",1922-09-01,24.506,122.04,35,1922,7.5
"671",1922-09-04,-10.83,-70.531,635.8,1922,6.7
"672",1922-09-14,24.378,122.644,35,1922,7.1
"673",1922-10-11,-16.125,-72.385,160,1922,7.6
"674",1922-10-14,24.5,122,35,1922,6.9
"675",1922-10-24,47.267,152.19,35,1922,7.3
"676",1922-11-07,-28.441,-72.193,25,1922,7.1
"677",1922-11-11,-28.553,-70.755,35,1922,8.7
"678",1922-12-06,36.445,70.939,239.9,1922,7.3
"679",1922-12-07,32.7,130.1,5,1922,6.9
"680",1922-12-08,32.7,130.1,5,1922,6.5
"681",1922-12-08,40.2,143.2,35,1922,6.8
"682",1922-12-31,45.738,150.805,35,1922,7
"683",1923-01-22,40.487,-125.324,15,1923,7.1
"684",1923-02-01,-21.001,169.537,35,1923,6.7
"685",1923-02-02,54.019,161.521,35,1923,7.1
"686",1923-02-03,53.853,160.761,35,1923,8.5
"687",1923-02-23,-0.681,122.996,35,1923,6.6
"688",1923-02-24,55.937,162.623,35,1923,7.2
"689",1923-03-02,7.487,124.928,86.6,1923,7.1
"690",1923-03-16,6.495,127.058,35,1923,7
"691",1923-03-24,30.553,101.258,25,1923,7.2
"692",1923-04-13,55.415,162.585,35,1923,7.1
"693",1923-04-19,2.41,117.313,35,1923,6.9
"694",1923-04-23,27.885,125.511,35,1923,6.6
"695",1923-05-01,-55.316,-25.844,15,1923,6.6
"696",1923-05-04,55.765,-156.986,25,1923,7.1
"697",1923-05-04,-27.062,-69.78,105.8,1923,6.7
"698",1923-06-01,35.674,141.767,35,1923,7.1
"699",1923-06-01,36,142,35,1923,7.1
"700",1923-06-22,22.589,98.681,25,1923,7.2
"701",1923-07-02,23.5,122.5,35,1923,6.7
"702",1923-07-13,31,130.9,35,1923,7.1
"703",1923-07-13,30.6,131.2,35,1923,6.6
"704",1923-08-01,34.715,24.974,35,1923,6.5
"705",1923-08-12,25.371,127.785,35,1923,6.6
"706",1923-09-01,35.405,139.084,35,1923,7.9
"707",1923-09-01,35.1,139.5,60,1923,6.5
"708",1923-09-01,35.1,139.5,35,1923,7.3
"709",1923-09-01,35.4,139.4,35,1923,6.6
"710",1923-09-01,35.2,139.7,35,1923,6.6
"711",1923-09-01,35.4,139.8,35,1923,7
"712",1923-09-01,35.4,139,35,1923,6.7
"713",1923-09-01,35.5,140.5,35,1923,6.5
"714",1923-09-01,35.5,138.9,5,1923,6.8
"715",1923-09-02,34.9,140.2,35,1923,7.6
"716",1923-09-02,34.9,140.5,35,1923,7.1
"717",1923-09-02,35.3,139.1,5,1923,6.5
"718",1923-09-02,-15.538,-66.605,35,1923,6.8
"719",1923-09-09,24.943,90.32,35,1923,7.1
"720",1923-09-22,29.12,56.928,35,1923,6.7
"721",1923-09-26,34.8,139.4,5,1923,6.7
"722",1923-10-07,-1.201,129.486,35,1923,7.2
"723",1923-11-02,-4.653,154.232,145.1,1923,7.2
"724",1923-11-03,29.4,130.8,35,1923,6.8
"725",1923-11-04,-4.539,153.107,148.5,1923,6.9
"726",1923-11-05,29.646,129.636,35,1923,7.1
"727",1923-11-06,29.2,130.4,35,1923,6.5
"728",1923-12-04,33.3,134,5,1923,6.5
"729",1924-01-14,35.5,139.2,5,1924,7.3
"730",1924-01-16,-22.028,-177.909,350,1924,7
"731",1924-01-21,56.619,145.166,35,1924,6.8
"732",1924-02-29,-49.694,30.282,15,1924,6.6
"733",1924-03-04,9.557,-83.844,35,1924,7
"734",1924-03-05,-6.571,129.674,143.4,1924,6.6
"735",1924-03-11,-3.503,-81.686,35,1924,6.6
"736",1924-03-15,49.126,143.142,35,1924,6.9
"737",1924-04-14,7.023,125.954,35,1924,8.2
"738",1924-05-04,-21.504,-178.441,561.9,1924,7.2
"739",1924-05-06,15.935,118.95,35,1924,7
"740",1924-05-28,48.385,145.748,431.8,1924,7
"741",1924-06-26,-56.407,158.489,15,1924,7.7
"742",1924-06-30,44.737,147.416,139.6,1924,7.2
"743",1924-07-03,36.632,83.903,35,1924,7.1
"744",1924-07-06,7.051,-78.455,35,1924,6.6
"745",1924-07-11,36.791,83.958,35,1924,7.1
"746",1924-07-12,40.565,73.397,25,1924,6.6
"747",1924-07-22,23.7,122,35,1924,6.8
"748",1924-07-24,-49.862,159.824,35,1924,7
"749",1924-07-29,-3.386,121.196,35,1924,6.6
"750",1924-08-10,-30.865,-177.189,35,1924,6.6
"751",1924-08-14,36.133,141.892,35,1924,7
"752",1924-08-14,36.3,142.2,35,1924,6.7
"753",1924-08-17,36,142.5,35,1924,6.6
"754",1924-08-25,-44.863,34.929,25,1924,6.6
"755",1924-08-25,36.2,142,35,1924,6.7
"756",1924-08-30,8.645,126.531,35,1924,7.2
"757",1924-09-13,39.864,41.876,35,1924,6.6
"758",1924-09-18,36.3,140.2,35,1924,6.6
"759",1924-10-13,36.522,70.831,179.4,1924,7.2
"760",1924-10-18,2.814,-80.169,15,1924,6.6
"761",1924-11-25,45.5,142,300,1924,6.7
"762",1924-12-27,44.159,146.37,35,1924,7
"763",1924-12-28,43.397,146.579,35,1924,7
"764",1925-01-18,47.912,153.635,35,1925,7.2
"765",1925-01-21,-55,-24,35,1925,6.6
"766",1925-01-28,43.5,147.5,35,1925,6.9
"767",1925-02-02,43,148,35,1925,6.8
"768",1925-02-16,-58.005,-6.932,15,1925,6.6
"769",1925-02-20,45.5,150.5,35,1925,7
"770",1925-03-16,25.688,100.494,25,1925,7
"771",1925-03-22,-18.581,168.529,35,1925,7.1
"772",1925-04-11,-34.238,58.267,15,1925,6.8
"773",1925-04-16,21.798,121.111,35,1925,7.1
"774",1925-04-19,33.513,137.835,331.5,1925,6.6
"775",1925-05-03,1.216,126.576,35,1925,7.1
"776",1925-05-03,-34.107,57.95,15,1925,7
"777",1925-05-05,9.717,123.138,35,1925,6.6
"778",1925-05-15,-25.5,-70.546,35,1925,7.1
"779",1925-05-19,-34.208,57.88,15,1925,6.6
"780",1925-05-23,35.6,134.8,5,1925,6.6
"781",1925-06-03,1.467,126.193,35,1925,7
"782",1925-06-07,4.029,-76.079,35,1925,6.6
"783",1925-06-09,-4.142,143.098,35,1925,7
"784",1925-06-23,-0.11,-77.039,25,1925,6.6
"785",1925-06-28,46.5,-111.473,15,1925,6.6
"786",1925-07-07,17.362,-60.742,35,1925,6.6
"787",1925-08-07,18.401,-101.263,35,1925,6.6
"788",1925-08-19,55.132,167.68,35,1925,7
"789",1925-10-05,12.216,-85.871,35,1925,6.6
"790",1925-10-13,10.604,-42.129,15,1925,7
"791",1925-11-10,-0.633,130.267,35,1925,7.2
"792",1925-11-13,12.726,124.849,35,1925,7.2
"793",1925-11-16,18.375,-106.809,25,1925,7
"794",1925-12-19,-32.341,-110.414,15,1925,6.6
"795",1925-12-22,20.538,101.667,15,1925,6.6
"796",1926-01-18,-2.777,88.255,15,1926,6.6
"797",1926-01-25,-9.994,159.027,35,1926,7.2
"798",1926-02-08,12.011,-88.758,35,1926,7.1
"799",1926-02-15,11.355,-91.794,35,1926,6.7
"800",1926-03-17,11.984,-82.065,25,1926,6.7
"801",1926-03-18,35.787,29.246,35,1926,6.7
"802",1926-03-21,-60.631,-23.673,35,1926,7.1
"803",1926-03-27,-8.563,160.554,35,1926,7.1
"804",1926-04-01,34.152,136.923,356.2,1926,6.7
"805",1926-04-12,-10.709,160.626,35,1926,7.2
"806",1926-04-28,-22.665,-68.164,35,1926,7.1
"807",1926-06-03,-15.048,168.192,77.2,1926,7.1
"808",1926-06-20,-56.727,-26.803,35,1926,6.7
"809",1926-06-26,36.605,26.888,101.8,1926,7.7
"810",1926-06-28,-0.051,101.522,35,1926,6.6
"811",1926-06-29,26.986,127.473,142.2,1926,7.4
"812",1926-07-01,-3.131,100.561,35,1926,6.6
"813",1926-07-10,0.732,126.112,35,1926,6.6
"814",1926-07-26,35.887,135.583,336.1,1926,6.6
"815",1926-08-03,-2.217,126.379,35,1926,6.6
"816",1926-08-12,-23.139,-70.552,35,1926,6.6
"817",1926-08-25,-23.007,171.822,35,1926,7
"818",1926-08-30,36.901,22.996,85.2,1926,7.1
"819",1926-09-02,-34.02,58.227,15,1926,6.9
"820",1926-09-07,-3.541,146.188,35,1926,6.6
"821",1926-09-10,-9.152,110.701,35,1926,7
"822",1926-09-16,-9.674,159.519,35,1926,6.9
"823",1926-10-03,-49.809,161.703,15,1926,7.3
"824",1926-10-13,51.771,-175.361,35,1926,7
"825",1926-10-26,-3.219,139.097,35,1926,7.5
"826",1926-11-05,12.67,-86.736,35,1926,7.1
"827",1926-12-25,1.822,116.881,35,1926,6.6
"828",1927-01-24,-18.388,168.226,35,1927,7.1
"829",1927-02-01,-6.704,154.972,35,1927,6.7
"830",1927-02-16,46.617,153.073,35,1927,7
"831",1927-02-25,-38.327,177.943,35,1927,6.6
"832",1927-03-03,-6.617,121.807,35,1927,7
"833",1927-03-07,35.802,134.924,9.6,1927,7.1
"834",1927-04-01,-19.802,-177.478,35,1927,7
"835",1927-04-13,15.434,120.722,175.4,1927,6.6
"836",1927-04-14,-32.477,-69.675,35,1927,7.2
"837",1927-04-19,15.25,120.454,139.1,1927,7.1
"838",1927-05-22,37.386,102.311,25,1927,7.7
"839",1927-06-03,-7.071,130.96,169,1927,7.2
"840",1927-07-01,36.381,22.723,35,1927,7
"841",1927-07-12,44.367,145.722,35,1927,6.6
"842",1927-08-04,-6.809,125.768,474.1,1927,6.6
"843",1927-08-05,37.873,142.191,35,1927,7.1
"844",1927-08-08,50.329,155.728,105.6,1927,6.6
"845",1927-08-10,-0.534,131.673,35,1927,7.1
"846",1927-08-12,27.721,139.706,530,1927,6.6
"847",1927-08-18,34.473,141.153,52,1927,6.9
"848",1927-08-20,4.988,-82.196,15,1927,6.8
"849",1927-08-24,23.118,120.237,35,1927,6.6
"850",1927-09-03,10.871,-43.487,15,1927,6.7
"851",1927-09-23,42.066,84.092,35,1927,6.6
"852",1927-10-24,57.44,-136.373,15,1927,7.1
"853",1927-11-04,34.915,-121.031,15,1927,7
"854",1927-11-06,-6.86,129.434,217.2,1927,6.6
"855",1927-11-14,70.033,128.69,15,1927,6.6
"856",1927-11-14,-30.905,-70.975,35,1927,6.6
"857",1927-11-16,6.746,125.538,44,1927,6.9
"858",1927-11-21,-45.112,-73.622,15,1927,7.1
"859",1927-11-26,-24.32,-66.963,179.3,1927,7
"860",1927-12-28,55.663,160.039,35,1927,7.5
"861",1928-01-05,-19.092,-63.79,561.2,1928,6.6
"862",1928-01-06,0.155,35.748,15,1928,6.9
"863",1928-02-07,-2.573,88.593,15,1928,6.6
"864",1928-02-21,67.503,-172.504,15,1928,6.7
"865",1928-03-09,-2.954,88.801,15,1928,7.7
"866",1928-03-13,-7.213,153.873,35,1928,7
"867",1928-03-16,-22.281,170.476,35,1928,7.5
"868",1928-03-22,16.127,-96.505,35,1928,7.5
"869",1928-03-29,31.682,137.73,433.9,1928,7
"870",1928-04-09,-13.731,-70.628,35,1928,6.8
"871",1928-04-14,42.402,25.667,15,1928,6.6
"872",1928-04-18,42.386,25.087,15,1928,6.6
"873",1928-04-27,-13.716,-70.529,35,1928,6.6
"874",1928-05-14,-5.261,-78.559,35,1928,7.2
"875",1928-05-27,39.813,142.999,35,1928,7.1
"876",1928-06-15,12.732,120.819,35,1928,7
"877",1928-06-15,13.007,120.748,35,1928,6.6
"878",1928-06-17,16.028,-97.036,35,1928,7.7
"879",1928-06-21,60.191,-147.538,35,1928,6.8
"880",1928-06-29,-15.664,170.701,35,1928,7.1
"881",1928-07-18,-5.359,-78.738,35,1928,6.9
"882",1928-08-04,16.418,-98.266,35,1928,7.2
"883",1928-08-10,36.636,70.49,35,1928,6.6
"884",1928-08-12,1.834,127.243,35,1928,7
"885",1928-08-24,-14.287,168.497,220,1928,7
"886",1928-09-07,-5.495,147.001,140,1928,6.6
"887",1928-09-21,-14.954,-70.331,242.5,1928,6.6
"888",1928-09-22,-12.708,165.892,35,1928,6.7
"889",1928-10-09,16.229,-97.55,35,1928,7.5
"890",1928-10-15,28.351,67.094,35,1928,6.6
"891",1928-11-20,-23.111,-69.931,35,1928,6.9
"892",1928-11-22,-57.071,-3.312,15,1928,6.7
"893",1928-11-28,-8.379,120.965,35,1928,6.9
"894",1928-12-01,-35.086,-71.683,35,1928,7.7
"895",1928-12-19,6.977,124.856,35,1928,7.3
"896",1928-12-28,7.726,123.675,35,1928,6.7
"897",1929-01-13,50.447,154.872,35,1929,7.4
"898",1929-01-17,9.499,-64.381,35,1929,6.7
"899",1929-02-01,36.459,70.931,207.9,1929,7
"900",1929-02-02,-1.513,-21.784,15,1929,6.8
"901",1929-02-06,48.528,152.84,137.6,1929,6.6
"902",1929-02-22,10.482,-41.883,15,1929,7
"903",1929-03-07,50.786,-169.524,25,1929,7.8
"904",1929-03-09,-43.227,173.002,15.2,1929,6.7
"905",1929-03-10,18.761,145.686,35,1929,6.6
"906",1929-04-08,7.77,123.817,584,1929,6.6
"907",1929-05-01,37.957,57.693,25,1929,7.1
"908",1929-05-25,-7.363,-74.097,35,1929,6.6
"909",1929-05-26,51.235,-130.556,15,1929,7
"910",1929-05-30,-34.768,-67.598,35,1929,6.6
"911",1929-06-02,34.045,137.08,348.4,1929,6.9
"912",1929-06-04,6.021,125.639,35,1929,7.1
"913",1929-06-12,-4.233,143.644,35,1929,6.6
"914",1929-06-13,7.945,126.806,35,1929,7.1
"915",1929-06-16,-41.831,172.292,35,1929,7.5
"916",1929-06-27,-54.714,-29.549,35,1929,8
"917",1929-07-05,51.424,-178.136,35,1929,7
"918",1929-07-07,51.347,-177.91,35,1929,7.2
"919",1929-08-19,24.087,121.662,35,1929,6.6
"920",1929-10-19,-23.038,-68.737,35,1929,7.4
"921",1929-11-15,7.522,142.735,25,1929,7.1
"922",1929-11-18,44.539,-56.008,15,1929,7.4
"923",1929-12-06,-55.456,-28.587,15,1929,6.6
"924",1929-12-06,-56.758,-30.003,35,1929,6.6
"925",1929-12-09,4.295,94.404,35,1929,6.7
"926",1929-12-17,53.783,171.512,35,1929,7.7
"927",1930-01-05,49.964,153.58,107.9,1930,7
"928",1930-02-14,36.067,24.789,35,1930,6.6
"929",1930-03-26,-7.714,125.755,35,1930,6.9
"930",1930-03-30,-54.722,-28.861,35,1930,6.6
"931",1930-04-21,-55.985,-26.14,35,1930,6.6
"932",1930-04-30,-19.364,-175.329,95.3,1930,6.6
"933",1930-05-01,49,154,140,1930,6.7
"934",1930-05-05,17.665,96.543,35,1930,7.2
"935",1930-05-06,38.152,44.685,25,1930,7.1
"936",1930-05-23,34.134,139.774,127,1930,6.6
"937",1930-06-04,-6.446,127.851,375.9,1930,6.6
"938",1930-06-11,-5.873,148.886,35,1930,7.1
"939",1930-07-02,25.641,90.245,35,1930,7.1
"940",1930-07-22,44.418,147.598,114.3,1930,6.9
"941",1930-08-18,-55.978,-26.734,47.4,1930,6.9
"942",1930-09-30,-4.423,145.46,35,1930,6.6
"943",1930-10-08,-13.459,168.867,35,1930,6.8
"944",1930-10-24,18.351,146.57,35,1930,7
"945",1930-11-08,3.792,121.965,638.9,1930,6.7
"946",1930-11-09,-0.366,132.608,35,1930,6.7
"947",1930-11-25,34.977,139.103,35,1930,6.9
"948",1930-12-03,17.972,96.422,35,1930,7.3
"949",1930-12-21,19.986,121.585,35,1930,7
"950",1931-01-02,18.614,-107.205,25,1931,6.6
"951",1931-01-15,16.053,-96.614,35,1931,7.8
"952",1931-01-15,28.497,127.137,35,1931,6.6
"953",1931-01-27,25.675,96.755,35,1931,7.6
"954",1931-01-28,10.778,144.803,35,1931,7.1
"955",1931-02-02,-39.772,176.025,35,1931,7.7
"956",1931-02-10,-5.433,102.458,35,1931,7.1
"957",1931-02-13,-39.479,176.813,35,1931,7.1
"958",1931-02-20,44.43,135.642,356.7,1931,7.4
"959",1931-02-27,2.093,126.237,35,1931,6.6
"960",1931-03-02,-21.828,171.147,35,1931,7
"961",1931-03-08,41.337,22.666,25,1931,6.6
"962",1931-03-09,40.484,142.664,35,1931,7.7
"963",1931-03-11,23.133,143.647,35,1931,6.6
"964",1931-03-18,-33.825,-71.546,35,1931,7.1
"965",1931-03-18,5.642,126.424,35,1931,6.8
"966",1931-03-19,18.11,120.354,35,1931,6.7
"967",1931-03-28,-7.369,129.491,150.9,1931,7.2
"968",1931-03-29,42.918,143.866,89.7,1931,6.6
"969",1931-04-03,-19.911,179.247,637.8,1931,6.6
"970",1931-04-06,-6.631,155.016,35,1931,6.6
"971",1931-04-24,-6.656,154.973,35,1931,6.7
"972",1931-05-20,37.472,-16.072,25,1931,7.1
"973",1931-07-18,-20.824,-68.394,35,1931,6.6
"974",1931-07-18,54.277,160.998,42.3,1931,6.6
"975",1931-07-21,-20.922,170.187,35,1931,6.9
"976",1931-07-23,-6.653,155.446,400,1931,6.6
"977",1931-08-07,-2.859,142.079,35,1931,7.1
"978",1931-08-10,46.571,89.965,35,1931,7.9
"979",1931-08-18,47.29,90.118,35,1931,7.2
"980",1931-08-24,29.733,67.425,35,1931,6.7
"981",1931-08-27,29.473,67.172,35,1931,7.1
"982",1931-09-09,19.152,145.489,171.8,1931,7.1
"983",1931-09-21,36.021,139.381,35,1931,6.6
"984",1931-09-21,19.421,113.158,25,1931,6.6
"985",1931-09-21,-37.961,177.811,101.3,1931,6.6
"986",1931-09-25,-5.178,102.511,35,1931,7.3
"987",1931-10-03,-10.932,161.016,35,1931,7.8
"988",1931-10-03,-12.292,161.538,35,1931,6.6
"989",1931-10-03,-12.684,163.187,35,1931,7
"990",1931-10-03,-10.913,161.403,35,1931,7.1
"991",1931-10-05,36.535,70.854,206.4,1931,6.6
"992",1931-10-10,-9.968,161.194,50.2,1931,7.7
"993",1931-10-10,-10.13,161.184,35,1931,6.6
"994",1931-10-10,-9.878,161.334,35,1931,6.6
"995",1931-10-10,-10.66,161.064,35,1931,6.6
"996",1931-10-18,-26.765,-179.91,35,1931,6.6
"997",1931-11-02,16.261,-96.67,35,1931,6.6
"998",1931-11-02,32.003,131.945,42.2,1931,7.5
"999",1931-11-20,-10.64,161.642,35,1931,6.6
"1000",1932-01-09,-6.083,154.445,387.6,1932,7.2
"1001",1932-01-20,-11.866,-77.386,35,1932,6.6
"1002",1932-01-29,-6.808,155.035,53.8,1932,7.1
"1003",1932-02-03,19.77,-75.85,25,1932,6.6
"1004",1932-02-23,-57.927,-12.052,15,1932,6.8
"1005",1932-03-14,8.149,-71.974,35,1932,6.6
"1006",1932-03-19,15.733,147.46,35,1932,6.6
"1007",1932-03-25,62.355,-153.451,35,1932,6.7
"1008",1932-03-26,-4.392,128.491,35,1932,6.6
"1009",1932-04-04,30.557,138.816,415.8,1932,6.6
"1010",1932-04-12,-4.797,152.654,85.9,1932,6.6
"1011",1932-05-14,0.258,126.169,35,1932,8.1
"1012",1932-05-21,12.364,-87.894,35,1932,6.7
"1013",1932-05-26,-25.399,179.049,568.8,1932,7.5
"1014",1932-06-03,19.457,-104.146,25,1932,7.9
"1015",1932-06-10,5.119,127.272,86.9,1932,6.6
"1016",1932-06-16,2.43,97.643,35,1932,6.6
"1017",1932-06-18,19.452,-103.632,54.3,1932,7.9
"1018",1932-06-22,19.028,-104.379,25,1932,6.7
"1019",1932-07-07,29.098,-113.318,15,1932,6.6
"1020",1932-07-12,26.238,-110.288,15,1932,6.6
"1021",1932-07-25,35.381,135.709,360.7,1932,6.6
"1022",1932-07-25,18.803,-103.942,35,1932,6.6
"1023",1932-08-12,52.418,-168.623,35,1932,6.6
"1024",1932-08-14,25.765,95.655,143.9,1932,7
"1025",1932-09-03,40.939,143.456,35,1932,6.6
"1026",1932-09-15,-38.956,177.455,35,1932,6.6
"1027",1932-09-23,44.486,138.722,350,1932,7
"1028",1932-09-26,40.333,23.732,35,1932,6.7
"1029",1932-10-02,11.273,-87.494,35,1932,6.6
"1030",1932-10-16,54.916,-159.655,25,1932,6.6
"1031",1932-10-30,54.829,-159.856,25,1932,6.6
"1032",1932-11-02,-22.977,-112.338,15,1932,6.6
"1033",1932-11-13,43.841,136.881,35,1932,7.1
"1034",1932-11-26,42.379,142.543,45.5,1932,6.6
"1035",1932-11-29,-32.331,-71.42,35,1932,6.6
"1036",1932-12-04,2.387,121.019,45.8,1932,7.1
"1037",1932-12-21,38.51,-118.084,15,1932,7.1
"1038",1932-12-25,39.771,96.69,25,1932,7.6
"1039",1932-12-31,-29.084,32.957,15,1932,6.6
"1040",1933-01-01,-14.754,167.502,147,1933,7
"1041",1933-01-21,-33.505,57.732,15,1933,7.1
"1042",1933-01-27,-15.693,-171.779,35,1933,6.6
"1043",1933-02-23,-20.297,-69.965,35,1933,7.2
"1044",1933-03-02,39.224,144.622,35,1933,8.4
"1045",1933-03-11,27.102,139.977,550.8,1933,6.6
"1046",1933-03-17,54.857,161.601,35,1933,7
"1047",1933-03-17,6.262,127.218,50.5,1933,6.6
"1048",1933-04-09,39.398,143.658,35,1933,6.6
"1049",1933-04-23,36.516,27.15,35,1933,6.6
"1050",1933-04-27,60.987,-151.002,35,1933,6.9
"1051",1933-05-08,17.332,-100.901,35,1933,6.6
"1052",1933-06-18,38.28,142.51,35,1933,7.2
"1053",1933-06-24,-5.522,104.434,35,1933,7.3
"1054",1933-07-09,44.546,150.246,35,1933,6.6
"1055",1933-07-20,38.692,144.861,35,1933,6.6
"1056",1933-07-22,52.592,-168.935,35,1933,6.6
"1057",1933-07-24,-16.282,-173.094,35,1933,6.6
"1058",1933-08-25,31.81,103.541,25,1933,7.3
"1059",1933-08-28,-59.439,-26.643,35,1933,7.2
"1060",1933-09-02,30.262,139.031,424.5,1933,6.6
"1061",1933-09-06,-21.948,-179.243,587.4,1933,7
"1062",1933-09-09,-12.407,166.464,35,1933,6.7
"1063",1933-09-24,51.775,-176.726,35,1933,6.6
"1064",1933-09-25,38.321,87.167,45.8,1933,6.6
"1065",1933-10-02,-2.044,-81.099,35,1933,6.7
"1066",1933-10-25,-23.686,-66.65,206.5,1933,7
"1067",1933-10-26,-60.29,-59.301,15,1933,6.6
"1068",1933-11-20,72.996,-70.116,15,1933,7.1
"1069",1933-11-22,-5.603,151.701,35,1933,6.6
"1070",1933-12-04,46.192,144.592,352.6,1933,7.1
"1071",1933-12-12,-4.294,153.154,35,1933,6.6
"1072",1934-01-03,53.929,156.28,35,1934,6.7
"1073",1934-01-15,26.773,86.762,35,1934,8
"1074",1934-01-28,16.857,-99.643,35,1934,6.6
"1075",1934-02-03,-5.851,151.264,35,1934,6.6
"1076",1934-02-14,17.404,119.19,35,1934,7.5
"1077",1934-02-24,22.878,144.067,35,1934,7.2
"1078",1934-02-28,-5.234,149.484,35,1934,7.1
"1079",1934-03-01,-40.925,-72.877,35,1934,7.3
"1080",1934-03-05,-40.643,175.738,35,1934,7.3
"1081",1934-03-13,-11.455,164.392,35,1934,6.6
"1082",1934-03-16,-4.891,145.504,35,1934,6.6
"1083",1934-03-18,50.187,156.278,35,1934,6.6
"1084",1934-03-24,-10.065,160.803,35,1934,7.1
"1085",1934-04-06,37.302,141.78,35,1934,6.6
"1086",1934-04-10,-6.976,115.779,35,1934,6.6
"1087",1934-04-11,-20.463,170.56,35,1934,6.6
"1088",1934-04-15,7.526,126.857,35,1934,7.1
"1089",1934-05-01,3.783,97.937,144.7,1934,6.9
"1090",1934-05-04,61.519,-147.599,35,1934,7.1
"1091",1934-05-13,-4.889,153.842,35,1934,6.6
"1092",1934-06-09,-6.07,147.299,35,1934,6.7
"1093",1934-06-13,44.2,147.4,112.1,1934,6.7
"1094",1934-06-13,27.428,62.594,35,1934,7
"1095",1934-06-18,60.785,-151.244,50.2,1934,6.6
"1096",1934-06-24,-23.198,-68.58,102.3,1934,6.7
"1097",1934-06-29,-7.083,123.166,647.7,1934,7
"1098",1934-07-18,8.045,-82.48,25,1934,7.6
"1099",1934-07-18,7.601,-82.298,15,1934,6.9
"1100",1934-07-18,-11.907,166.731,35,1934,7.8
"1101",1934-07-19,-12.561,165.949,15.8,1934,6.6
"1102",1934-07-19,-0.793,133.354,35,1934,7
"1103",1934-07-19,-13.254,166.262,35,1934,6.7
"1104",1934-07-21,-11.139,165.503,35,1934,7.1
"1105",1934-07-21,8.189,-82.786,25,1934,6.6
"1106",1934-07-22,35.712,70.683,35,1934,6.6
"1107",1934-07-28,55.587,-156.677,25,1934,6.6
"1108",1934-08-07,-13.055,166.851,35,1934,6.7
"1109",1934-08-12,8.03,126.776,35,1934,7
"1110",1934-10-10,-23.748,179.782,529.8,1934,7.2
"1111",1934-10-26,-6.626,124.035,643.9,1934,6.6
"1112",1934-10-26,29.373,131.392,35,1934,6.6
"1113",1934-11-27,2.226,127.395,35,1934,6.6
"1114",1934-11-30,18.679,-105.319,25,1934,7
"1115",1934-12-04,-19.298,-69.752,35,1934,6.7
"1116",1934-12-15,31.013,89.08,35,1934,7.1
"1117",1934-12-15,-23.568,-179.689,496.9,1934,6.7
"1118",1934-12-31,32.685,-115.761,15,1934,7.1
"1119",1935-01-01,-15.719,-174.526,35,1935,7
"1120",1935-01-23,52.517,-169.461,35,1935,6.6
"1121",1935-02-22,53.273,175.017,35,1935,7.1
"1122",1935-02-25,36.084,24.703,35,1935,6.6
"1123",1935-04-11,36.432,53.621,35,1935,6.6
"1124",1935-04-19,31.243,15.3,15,1935,7.1
"1125",1935-04-20,24.364,120.613,35,1935,7.1
"1126",1935-05-14,-58.946,-26.065,35,1935,6.9
"1127",1935-05-21,-5.695,146.295,35,1935,6.6
"1128",1935-05-24,12.188,125.041,35,1935,6.6
"1129",1935-05-30,28.894,66.176,35,1935,8.1
"1130",1935-06-24,-15.55,167.872,141.6,1935,7.1
"1131",1935-06-29,18.54,-103.659,35,1935,6.7
"1132",1935-07-17,-59.779,-24.025,35,1935,6.6
"1133",1935-07-29,-21.537,-177.919,454.9,1935,7.1
"1134",1935-08-03,4.43,96.326,35,1935,7
"1135",1935-08-17,-22.098,171.646,35,1935,7.2
"1136",1935-09-04,22.259,121.257,35,1935,7.1
"1137",1935-09-09,6.228,141.717,35,1935,7
"1138",1935-09-11,43.29,146.634,35,1935,7.2
"1139",1935-09-15,-25.749,-113.22,15,1935,6.6
"1140",1935-09-20,-3.92,141.33,35,1935,8.1
"1141",1935-09-20,-3.583,142.905,35,1935,7
"1142",1935-10-02,43.202,146.83,35,1935,6.9
"1143",1935-10-12,40.266,143.318,35,1935,7.1
"1144",1935-10-18,40.394,144.156,35,1935,7.1
"1145",1935-10-18,12.322,141.705,35,1935,6.9
"1146",1935-11-01,21.148,103.082,15,1935,6.6
"1147",1935-11-14,-5.291,152.155,35,1935,6.6
"1148",1935-12-14,-9.545,-70.786,629.8,1935,6.7
"1149",1935-12-14,14.718,-92.484,35,1935,7.2
"1150",1935-12-15,-9.59,161.145,35,1935,7.5
"1151",1935-12-17,22.525,125.747,25,1935,7.1
"1152",1935-12-24,2.753,-79.293,15,1935,6.6
"1153",1935-12-28,-0.345,98.147,35,1935,7.8
"1154",1936-01-02,-9.483,119.361,35,1936,6.6
"1155",1936-01-02,-0.279,98.872,35,1936,7
"1156",1936-01-14,-60.53,-22.38,35,1936,6.8
"1157",1936-01-14,-28.922,-62.624,601.7,1936,6.7
"1158",1936-01-20,6.031,127.13,35,1936,7
"1159",1936-02-07,35.633,103.265,25,1936,6.6
"1160",1936-02-08,-5.247,145.772,50,1936,6.6
"1161",1936-02-10,-18.528,-177.709,487.2,1936,6.6
"1162",1936-02-15,-4.362,133.285,35,1936,7.1
"1163",1936-02-21,-5,144.5,75,1936,6.7
"1164",1936-02-22,-48.945,164.225,25,1936,6.8
"1165",1936-02-22,-48.592,163.782,25,1936,6.6
"1166",1936-02-27,-7.613,127.383,181.7,1936,6.6
"1167",1936-03-22,-8.45,157.437,35,1936,6.7
"1168",1936-04-01,4.165,126.521,35,1936,7.7
"1169",1936-04-12,7.3,137.564,41.7,1936,6.6
"1170",1936-04-19,-7.674,156.473,35,1936,7.2
"1171",1936-04-26,28.733,103.497,25,1936,6.6
"1172",1936-05-16,28.675,103.684,25,1936,6.6
"1173",1936-05-19,-9.245,123.836,147.7,1936,6.6
"1174",1936-05-27,28.345,83.283,35,1936,7
"1175",1936-05-28,10.286,-103.77,15,1936,6.6
"1176",1936-06-05,0.369,123.797,179.2,1936,6.6
"1177",1936-06-09,-0.134,98.956,35,1936,6.6
"1178",1936-06-10,-5.5,147,190,1936,7
"1179",1936-06-29,36.502,70.836,222.2,1936,6.6
"1180",1936-06-30,51.274,160.885,35,1936,7.2
"1181",1936-07-05,5.856,127.024,35,1936,7.3
"1182",1936-07-13,-24.715,-70.023,35,1936,7.1
"1183",1936-07-26,-24.204,-70.632,35,1936,6.6
"1184",1936-08-13,8.588,126.553,35,1936,6.6
"1185",1936-08-22,21.949,121.186,35,1936,7.2
"1186",1936-08-23,5.296,94.759,35,1936,7.1
"1187",1936-09-07,-57.862,-32.105,15,1936,6.6
"1188",1936-09-19,3.648,97.551,35,1936,7.1
"1189",1936-10-05,1.633,126.237,35,1936,7
"1190",1936-10-19,-2.158,126.24,35,1936,6.6
"1191",1936-10-29,13.203,145.414,35,1936,6.6
"1192",1936-11-02,47.28,154.258,35,1936,6.8
"1193",1936-11-02,38.337,142.151,35,1936,7.1
"1194",1936-11-13,56.038,163.458,35,1936,7.1
"1195",1936-12-26,-30.805,-178.137,35,1936,6.7
"1196",1936-12-29,-4.598,153.671,35,1936,6.9
"1197",1937-01-07,35.404,97.667,15,1937,7.6
"1198",1937-01-23,-5.29,152.757,35,1937,7
"1199",1937-01-25,-10.847,162.794,35,1937,7.1
"1200",1937-02-21,44.241,149.605,56,1937,7.3
"1201",1937-03-29,-16.203,-71.071,95.8,1937,6.6
"1202",1937-04-05,-0.685,133.693,44.4,1937,6.7
"1203",1937-04-16,-20.768,-177.144,348.8,1937,7.5
"1204",1937-05-12,-4.734,144.587,35,1937,6.6
"1205",1937-06-21,-8.443,-79.853,42,1937,7.1
"1206",1937-07-01,3.123,95.787,35,1937,6.6
"1207",1937-07-02,-13.857,167.049,35,1937,7
"1208",1937-07-04,-11.293,163.955,35,1937,6.7
"1209",1937-07-19,-1.978,-76.397,184.2,1937,7.1
"1210",1937-07-22,64.494,-146.854,35,1937,7.2
"1211",1937-07-26,18.523,-95.878,35,1937,7.2
"1212",1937-07-26,38.396,142.17,35,1937,7.1
"1213",1937-07-31,35.252,115.153,25,1937,6.7
"1214",1937-08-01,35.222,115.154,25,1937,6.6
"1215",1937-08-05,-5.936,149.731,124,1937,6.6
"1216",1937-08-11,-9.675,117.533,35,1937,7.2
"1217",1937-08-20,14.318,121.547,35,1937,7.3
"1218",1937-09-01,-32.807,-179.064,35,1937,6.9
"1219",1937-09-03,52.447,-177.398,35,1937,7.2
"1220",1937-09-08,-56.541,-26.912,219.4,1937,7.1
"1221",1937-09-15,-10.5,161.5,80,1937,7.2
"1222",1937-09-21,1.805,126.531,35,1937,6.7
"1223",1937-09-23,-6.721,154.011,35,1937,6.9
"1224",1937-09-27,-9.027,110.802,35,1937,7
"1225",1937-10-06,18.43,-98.921,35,1937,6.7
"1226",1937-11-14,36.569,70.67,199.7,1937,7.1
"1227",1937-12-08,22.872,121.01,38.8,1937,7
"1228",1937-12-23,17.431,-98.287,35,1937,7.4
"1229",1938-01-01,25.883,143.234,35,1938,6.6
"1230",1938-01-23,20.96,-156.18,25,1938,6.6
"1231",1938-01-24,-60.547,-35.582,15,1938,7
"1232",1938-02-01,-5.05,131.62,35,1938,8.6
"1233",1938-02-05,4.555,-75.919,155.7,1938,6.9
"1234",1938-04-13,38.112,14.925,35,1938,6.6
"1235",1938-04-14,23.372,94.407,35,1938,6.6
"1236",1938-04-19,39.439,34.015,35,1938,6.6
"1237",1938-05-08,-48.27,99.722,15,1938,6.6
"1238",1938-05-12,-6.271,147.803,35,1938,7.3
"1239",1938-05-19,-0.366,119.525,49.4,1938,7.5
"1240",1938-05-23,36.458,141.755,35,1938,7.7
"1241",1938-05-23,18.053,119.994,35,1938,7
"1242",1938-05-30,-19.882,169.165,35,1938,7
"1243",1938-06-09,-3.145,126.928,25,1938,7
"1244",1938-06-10,25.208,125.115,35,1938,7.6
"1245",1938-06-16,27.585,129.539,35,1938,7.2
"1246",1938-06-20,42.744,76.131,15,1938,6.6
"1247",1938-06-23,-20.548,169.51,35,1938,6.7
"1248",1938-07-05,-22.882,172.062,35,1938,6.6
"1249",1938-08-04,-23.761,-66.559,207.7,1938,6.6
"1250",1938-08-16,22.957,93.884,35,1938,7.1
"1251",1938-08-18,-4.04,102.687,124.6,1938,6.7
"1252",1938-08-25,-5.679,101.297,35,1938,6.7
"1253",1938-08-30,-3.911,143.574,35,1938,6.6
"1254",1938-08-31,-3.018,151.289,35,1938,6.6
"1255",1938-09-07,23.737,121.408,47.4,1938,7
"1256",1938-09-21,36.372,141.325,35,1938,6.7
"1257",1938-10-10,2.386,126.553,35,1938,7.2
"1258",1938-10-19,49,90,0,1938,6.6
"1259",1938-10-20,-9.268,123.243,35,1938,7.3
"1260",1938-11-05,37.009,142.045,35,1938,7.9
"1261",1938-11-05,37.108,142.081,35,1938,7.8
"1262",1938-11-06,37.287,142.283,35,1938,7.7
"1263",1938-11-06,36.867,142.625,35,1938,7
"1264",1938-11-10,55.328,-158.37,35,1938,8.3
"1265",1938-11-13,45.21,149.308,35,1938,6.7
"1266",1938-11-13,36.727,142.36,35,1938,7
"1267",1938-11-17,55.224,-157.551,35,1938,7.2
"1268",1938-11-30,37.026,142.133,35,1938,6.9
"1269",1938-12-06,22.614,121.398,39,1938,7
"1270",1938-12-16,-45.503,166.88,25,1938,6.9
"1271",1939-01-25,-36.2,-72.2,0,1939,7.7
"1272",1939-01-30,-7.08,155.386,35,1939,7.7
"1273",1939-02-03,-9.479,159.363,35,1939,7.1
"1274",1939-03-02,-4.383,143.155,35,1939,7
"1275",1939-03-08,-6.756,155.34,35,1939,6.6
"1276",1939-03-21,-1.285,89.401,15,1939,7
"1277",1939-04-05,-19.712,168.984,35,1939,7
"1278",1939-04-18,-27.138,-70.705,35,1939,7.3
"1279",1939-04-21,47.745,139.821,35,1939,6.9
"1280",1939-04-30,-9.295,159.234,35,1939,7.9
"1281",1939-05-01,39.839,139.969,35,1939,7
"1282",1939-05-08,37.053,-24.427,15.7,1939,6.5
"1283",1939-05-17,23.223,143.585,35,1939,6.7
"1284",1939-05-27,24.461,93.955,46.9,1939,6.6
"1285",1939-06-02,4.595,126.239,35,1939,6.5
"1286",1939-06-08,-15.269,-173.931,35,1939,7
"1287",1939-06-13,0.47,125.257,35,1939,6.7
"1288",1939-07-04,-21.086,-65.39,298.9,1939,6.6
"1289",1939-07-05,-21.927,-179.938,642.6,1939,6.7
"1290",1939-07-12,-3.031,140.276,35,1939,6.6
"1291",1939-07-20,-21.206,-178.774,639.6,1939,6.8
"1292",1939-08-12,-16.058,168.154,172.4,1939,7
"1293",1939-08-18,-18.649,168.454,35,1939,6.7
"1294",1939-08-25,-4.709,153.253,76.1,1939,6.6
"1295",1939-09-02,-12.519,166.892,86.9,1939,6.6
"1296",1939-10-10,38.666,143.151,35,1939,7.2
"1297",1939-10-17,-14.809,167.289,101,1939,7.3
"1298",1939-11-21,36.42,71.134,216,1939,6.7
"1299",1939-12-05,14.253,-91.904,35,1939,6.6
"1300",1939-12-16,43.624,147.797,35,1939,7.1
"1301",1939-12-21,9.986,-84.546,35,1939,7.2
"1302",1939-12-21,-0.208,122.565,35,1939,7.8
"1303",1939-12-22,9.543,-84.675,35,1939,6.6
"1304",1939-12-26,39.77,39.533,35,1939,7.7
"1305",1940-01-06,-21.69,170.781,79.7,1940,7.2
"1306",1940-01-17,17.244,148.218,31.3,1940,7.3
"1307",1940-01-20,-55,-133,0,1940,6.6
"1308",1940-01-26,27.445,132.047,35,1940,6.6
"1309",1940-02-07,51.323,174.9,34.4,1940,6.9
"1310",1940-02-12,-23.272,-177.646,164.6,1940,6.6
"1311",1940-02-12,54.958,-161.182,35,1940,6.6
"1312",1940-02-20,-13.776,167.138,190.5,1940,7
"1313",1940-02-24,-2.304,141.952,35,1940,6.6
"1314",1940-03-14,-55.601,147.382,15,1940,6.6
"1315",1940-03-21,-10.185,107.848,35,1940,6.6
"1316",1940-03-28,14.5,120,200,1940,6.6
"1317",1940-04-01,-3.104,139.357,50.8,1940,6.7
"1318",1940-04-16,52.168,173.72,35,1940,6.8
"1319",1940-04-16,52.818,173.345,35,1940,7.1
"1320",1940-04-27,1.305,-19.177,15,1940,6.6
"1321",1940-05-19,33.222,-115.697,15,1940,7.1
"1322",1940-05-19,50.574,149.133,573.7,1940,6.6
"1323",1940-05-24,-11.119,-77.629,50.1,1940,7.5
"1324",1940-05-28,-2.318,139.15,35,1940,7
"1325",1940-06-22,-0.07,122.809,173.6,1940,6.6
"1326",1940-07-10,44.386,130.777,577.6,1940,7.3
"1327",1940-07-14,52.117,178.159,35,1940,7.4
"1328",1940-07-27,14.06,-91.429,61.7,1940,6.6
"1329",1940-08-01,-26.471,179.848,536.9,1940,6.6
"1330",1940-08-01,44.508,139.829,35,1940,7.5
"1331",1940-08-13,36,132,0,1940,6.6
"1332",1940-08-22,53,-165.5,60,1940,7
"1333",1940-09-12,-4.5,153,40,1940,7.1
"1334",1940-09-19,-24,171,80,1940,7
"1335",1940-09-22,8,124,680,1940,7
"1336",1940-09-26,-11.5,166.25,150,1940,6.6
"1337",1940-10-04,-20.592,-70.718,23.5,1940,7.1
"1338",1940-10-06,-20.003,-71.021,25,1940,6.6
"1339",1940-10-07,5.29,126.136,35,1940,6.9
"1340",1940-10-11,-42.042,-73.933,15,1940,7
"1341",1940-10-24,-34.353,-71.288,35,1940,6.6
"1342",1940-10-27,9.821,-84.357,35,1940,6.6
"1343",1940-11-07,30.238,138.853,35,1940,6.6
"1344",1940-11-10,45.773,26.655,122,1940,7.3
"1345",1940-11-19,39.019,142.244,50.5,1940,6.8
"1346",1940-11-27,-3.711,150.963,35,1940,6.6
"1347",1940-12-22,-15.009,-69.429,151.1,1940,6.9
"1348",1940-12-28,18.14,147.527,35,1940,7.3
"1349",1941-01-05,1.723,122.24,35,1941,6.6
"1350",1941-01-13,-4.72,152.316,35,1941,7
"1351",1941-01-21,27.339,91.714,15,1941,6.6
"1352",1941-01-31,-6.36,129.098,221.2,1941,6.6
"1353",1941-02-04,10.078,123.998,602.4,1941,7
"1354",1941-02-25,-9.227,124.64,176.1,1941,6.7
"1355",1941-02-27,4.215,127.016,35,1941,6.6
"1356",1941-03-16,50.235,157.276,35,1941,6.6
"1357",1941-04-03,-22.579,-66.642,150.1,1941,7.2
"1358",1941-04-07,17.265,-78.591,15,1941,7
"1359",1941-04-15,18.677,-102.957,35,1941,7.6
"1360",1941-04-29,-26.791,116.197,25,1941,6.6
"1361",1941-05-07,-18.857,168.936,153.4,1941,6.6
"1362",1941-05-08,-18.083,-178.407,568.7,1941,6.7
"1363",1941-05-09,13.789,122.451,35,1941,6.6
"1364",1941-05-16,23.514,99.408,25,1941,6.7
"1365",1941-05-17,-10.462,166.139,35,1941,7.2
"1366",1941-06-26,12.149,92.478,49.1,1941,7.7
"1367",1941-08-02,-29.767,-177.606,35,1941,7.1
"1368",1941-08-04,51.601,178.602,43.9,1941,6.6
"1369",1941-08-06,55.515,-163.106,108.3,1941,6.6
"1370",1941-08-15,19.302,-26.355,27.9,1941,6.6
"1371",1941-08-30,18.357,147.235,35,1941,6.6
"1372",1941-09-04,-5.073,153.686,35,1941,7.1
"1373",1941-09-12,-0.719,132.522,35,1941,6.9
"1374",1941-09-16,-29.484,-177.398,35,1941,6.9
"1375",1941-09-17,-0.078,122.013,193.3,1941,6.9
"1376",1941-09-18,-13.928,-72.294,61,1941,7
"1377",1941-09-24,49.551,158.344,33.8,1941,6.8
"1378",1941-11-05,12.834,123.481,35,1941,6.7
"1379",1941-11-08,0.724,122.857,35,1941,7.2
"1380",1941-11-15,-59.802,-26.993,35,1941,7.1
"1381",1941-11-18,-60.757,-55.375,35,1941,7.1
"1382",1941-11-18,32,132,0,1941,7.7
"1383",1941-11-24,-28.276,-177.611,35,1941,7
"1384",1941-11-25,37.171,-18.96,25,1941,8.1
"1385",1941-11-27,-7.347,121.233,524.1,1941,6.6
"1386",1941-12-05,8.752,-83.158,35,1941,7.3
"1387",1941-12-06,8.143,-84.401,35,1941,7
"1388",1941-12-16,23.251,120.391,35,1941,7.1
"1389",1941-12-26,21.076,99.145,25,1941,7
"1390",1941-12-27,35.822,-10.56,25,1941,6.6
"1391",1942-01-27,-4.325,134.838,18.4,1942,7.1
"1392",1942-01-29,-19.321,169.042,117.7,1942,7
"1393",1942-02-16,-11.338,166.582,115.4,1942,6.7
"1394",1942-03-05,44.272,141.632,259,1942,7
"1395",1942-04-08,12.845,120.553,41.3,1942,7.3
"1396",1942-05-14,0.012,-79.902,35,1942,7.8
"1397",1942-05-24,5.178,97.018,35,1942,6.6
"1398",1942-05-28,-0.074,123.78,104.2,1942,7.4
"1399",1942-06-14,14.548,148.008,48.7,1942,7
"1400",1942-06-15,-32.133,179.756,518.3,1942,6.6
"1401",1942-06-18,9.123,140.101,35,1942,7
"1402",1942-06-20,18.876,-101.063,85.9,1942,6.6
"1403",1942-06-24,-41.534,175.63,35,1942,7
"1404",1942-06-29,-33.125,-70.495,65.4,1942,6.7
"1405",1942-07-07,-20.569,-178.9,289.7,1942,6.6
"1406",1942-07-08,-24.602,-70.189,35,1942,7
"1407",1942-07-25,11.548,125.313,35,1942,6.6
"1408",1942-07-29,-2.637,127.586,35,1942,6.7
"1409",1942-08-01,-41.066,175.684,35,1942,6.9
"1410",1942-08-01,-47.796,100.768,15,1942,6.8
"1411",1942-08-06,13.78,-90.913,35,1942,7.7
"1412",1942-08-24,-14.975,-74.92,35,1942,7.7
"1413",1942-08-29,-24,179.5,570,1942,6.6
"1414",1942-09-09,53.549,-165.772,42.5,1942,6.9
"1415",1942-09-14,-21.906,171.451,98.2,1942,6.9
"1416",1942-10-09,-11.538,34.646,25,1942,6.6
"1417",1942-10-20,7.731,122.595,35,1942,7.2
"1418",1942-10-26,46.016,151.542,35,1942,6.8
"1419",1942-11-02,-18.024,-175.582,35,1942,6.7
"1420",1942-11-06,-6.521,-76.768,123.6,1942,6.6
"1421",1942-11-07,-9.03,123.06,74.9,1942,6.6
"1422",1942-11-10,-49.726,29.947,15,1942,8
"1423",1942-11-12,16.592,-94.296,69.5,1942,6.6
"1424",1942-11-15,36.369,141.433,35,1942,6.9
"1425",1942-11-26,45.405,150.175,76,1942,7.4
"1426",1942-11-28,7.28,-35.644,15,1942,7.1
"1427",1942-12-19,31.258,141.616,35,1942,6.9
"1428",1942-12-20,40.671,36.45,35,1942,7.2
"1429",1942-12-22,-15.617,-175.398,35,1942,6.6
"1430",1943-01-30,-2,-80.5,100,1943,6.7
"1431",1943-02-16,-15,-72,190,1943,6.9
"1432",1943-02-22,17.433,-101.307,35,1943,7.4
"1433",1943-02-28,36.397,70.663,207.7,1943,7.1
"1434",1943-03-05,5.25,-82.5,0,1943,6.6
"1435",1943-03-09,-60.666,-27.993,35,1943,7.1
"1436",1943-03-11,-22,170,80,1943,6.6
"1437",1943-03-14,-22,169.5,0,1943,6.8
"1438",1943-03-14,-19.447,-69.131,77.1,1943,7.1
"1439",1943-03-15,-22,169.5,0,1943,6.9
"1440",1943-03-15,9.5,142,0,1943,6.6
"1441",1943-03-15,-14.5,-177,300,1943,6.6
"1442",1943-03-21,-5.807,150.882,35,1943,7.1
"1443",1943-03-25,-60.106,-27.542,35,1943,7
"1444",1943-03-26,-23,-176.5,100,1943,6.7
"1445",1943-04-01,-6.045,105.987,35,1943,7.1
"1446",1943-04-06,-31.369,-71.433,35,1943,8.2
"1447",1943-04-09,19,146,170,1943,6.9
"1448",1943-04-11,36.3,141.5,0,1943,6.6
"1449",1943-05-02,6.701,-80.4,24.8,1943,7
"1450",1943-05-03,12.836,124.597,35,1943,7.2
"1451",1943-05-22,-30.75,-72,0,1943,6.6
"1452",1943-05-25,7.472,127.25,35,1943,7.6
"1453",1943-06-08,-2.933,101.739,35,1943,7.2
"1454",1943-06-09,-1.726,101.088,35,1943,7.5
"1455",1943-06-13,40.98,143.313,35,1943,7.1
"1456",1943-06-13,41,143.3,0,1943,6.5
"1457",1943-06-30,-7,122,720,1943,6.6
"1458",1943-07-05,-16,-74,0,1943,6.6
"1459",1943-07-11,-32.5,-178.5,180,1943,6.9
"1460",1943-07-23,-8.546,109.76,65,1943,7.6
"1461",1943-07-29,19.09,-66.983,35,1943,7.6
"1462",1943-08-01,-20,170,230,1943,6.9
"1463",1943-08-02,-45,167,0,1943,6.6
"1464",1943-08-31,14.25,-91.5,80,1943,6.6
"1465",1943-09-06,-54.228,159.183,35,1943,7.6
"1466",1943-09-10,35.36,134.076,15,1943,7
"1467",1943-09-11,-15,-174,0,1943,6.7
"1468",1943-09-14,-22.332,170.359,35,1943,7.2
"1469",1943-09-14,-22.517,170.445,35,1943,7.1
"1470",1943-09-14,-30.094,-177.537,51.8,1943,7.4
"1471",1943-09-22,-35.5,-178.5,0,1943,6.6
"1472",1943-09-23,15,-91.5,110,1943,6.6
"1473",1943-09-24,36.5,74,120,1943,6.6
"1474",1943-09-27,-30.122,-177.865,55.7,1943,7
"1475",1943-10-21,-15,-177.5,0,1943,6.8
"1476",1943-10-23,26.556,93.855,65.5,1943,7.1
"1477",1943-10-24,-22,-174,0,1943,6.8
"1478",1943-11-02,-56.586,-26.263,35,1943,7.2
"1479",1943-11-03,61.626,-150.995,35,1943,7.2
"1480",1943-11-06,-5.454,134.196,35,1943,7.6
"1481",1943-11-09,44,147.5,90,1943,6.6
"1482",1943-11-13,-19.444,170.078,15,1943,7.2
"1483",1943-11-17,33.5,138,300,1943,6.9
"1484",1943-11-24,22.5,122,0,1943,6.7
"1485",1943-11-26,-0.749,100.693,95,1943,7.1
"1486",1943-11-26,40.912,33.392,25,1943,7.5
"1487",1943-11-29,-29.5,-68.5,100,1943,6.6
"1488",1943-12-01,-4.218,143.764,120.6,1943,7.3
"1489",1943-12-01,-20.855,-68.718,114,1943,7.1
"1490",1943-12-02,22.9,121.5,0,1943,6.5
"1491",1943-12-23,-5.445,153.961,35,1943,7.2
"1492",1944-01-05,-3.5,102,60,1944,6.8
"1493",1944-01-07,-4.402,143.825,114.8,1944,7
"1494",1944-01-10,17,-101,0,1944,6.6
"1495",1944-01-15,-31.415,-68.42,27.7,1944,7.1
"1496",1944-02-01,40.844,33.292,35,1944,7.2
"1497",1944-02-01,41.8,142.1,0,1944,6.6
"1498",1944-02-05,22.5,122.5,0,1944,6.6
"1499",1944-02-29,-14.227,-70.451,180.1,1944,7.1
"1500",1944-02-29,-0.136,75.279,35,1944,7.1
"1501",1944-03-09,43.223,84.031,35,1944,7.1
"1502",1944-03-22,-8.172,123.594,157.4,1944,7.2
"1503",1944-03-31,-5.511,131.456,35,1944,7
"1504",1944-04-26,-1,134,50,1944,6.9
"1505",1944-04-27,-1.168,133.146,35,1944,7.2
"1506",1944-05-19,-1.987,152.67,35,1944,7
"1507",1944-05-25,-21.642,-179.05,635.7,1944,7
"1508",1944-05-25,-2.389,152.733,35,1944,7.3
"1509",1944-06-21,-21.616,169.316,35,1944,7
"1510",1944-06-25,-22,169.5,80,1944,6.6
"1511",1944-06-28,14.216,-92.844,35,1944,7.1
"1512",1944-07-10,-14.5,-175.5,180,1944,6.6
"1513",1944-07-27,54.276,-165.249,64.6,1944,7.1
"1514",1944-08-15,13,143,110,1944,6.7
"1515",1944-08-18,38,140,150,1944,6.7
"1516",1944-08-30,-17.5,167.5,60,1944,6.6
"1517",1944-09-03,-57,-122,0,1944,6.8
"1518",1944-09-11,1.5,127,40,1944,6.9
"1519",1944-09-14,-8.5,108.5,0,1944,6.6
"1520",1944-09-23,53.187,160.4,15,1944,7.1
"1521",1944-09-27,39,73.5,40,1944,6.8
"1522",1944-10-02,42.5,142.5,75,1944,6.8
"1523",1944-10-05,-4.5,152.5,110,1944,6.7
"1524",1944-10-05,-22.037,171.621,96.6,1944,7.3
"1525",1944-10-11,-15,-173,80,1944,6.6
"1526",1944-10-14,1.5,127,0,1944,6.6
"1527",1944-10-17,31.5,83.5,0,1944,6.6
"1528",1944-10-23,0.5,-80.5,0,1944,6.7
"1529",1944-10-29,31.5,83.5,0,1944,6.6
"1530",1944-11-15,4.796,127.54,50,1944,7
"1531",1944-11-16,-11.863,166.372,35,1944,7.2
"1532",1944-11-24,-18.96,169.224,159.5,1944,7.4
"1533",1944-11-29,-19.091,169.072,145,1944,7.1
"1534",1944-11-30,-23,-179,180,1944,6.6
"1535",1944-12-04,14.5,146.5,60,1944,6.6
"1536",1944-12-07,33.647,136.25,20,1944,8.1
"1537",1944-12-07,33.7,136.2,0,1944,6.5
"1538",1944-12-10,-24.5,65.5,0,1944,6.6
"1539",1944-12-10,-17.852,167.532,60,1944,7
"1540",1944-12-12,51.5,179.5,0,1944,6.9
"1541",1944-12-12,34,137.1,0,1944,6.7
"1542",1944-12-19,39,124,0,1944,6.6
"1543",1944-12-27,-6.5,152,90,1944,6.9
"1544",1944-12-28,-6,149.5,60,1944,6.6
"1545",1945-01-12,34.75,136.75,0,1945,6.8
"1546",1945-02-01,-21.598,169.762,20,1945,7
"1547",1945-02-01,-21.545,169.051,20,1945,7.2
"1548",1945-02-10,41.074,142.261,55.2,1945,7.1
"1549",1945-02-18,42,143,50,1945,6.7
"1550",1945-02-26,26,143.5,50,1945,6.5
"1551",1945-03-11,5,126.5,100,1945,6.6
"1552",1945-03-11,37,142,50,1945,6.7
"1553",1945-03-17,6.6,-78.5,0,1945,6.6
"1554",1945-03-23,-61.327,154.836,15,1945,7
"1555",1945-04-15,57.193,163.882,35,1945,7.1
"1556",1945-04-15,57,164,0,1945,6.6
"1557",1945-04-19,-21,169.5,40,1945,6.7
"1558",1945-04-22,5,123,650,1945,6.6
"1559",1945-04-23,-4.5,153,160,1945,6.6
"1560",1945-05-09,-7.5,124,550,1945,6.6
"1561",1945-05-31,37.8,142.6,50,1945,6.6
"1562",1945-06-03,8.4,-82.7,80,1945,6.8
"1563",1945-06-22,44,146,120,1945,6.9
"1564",1945-06-27,27,-111,0,1945,6.8
"1565",1945-06-30,17,-115,0,1945,6.6
"1566",1945-07-15,17.804,145.987,140,1945,7.1
"1567",1945-07-23,5.229,96.029,15,1945,6.6
"1568",1945-08-08,11.625,92.154,35,1945,6.6
"1569",1945-08-14,27,129.5,60,1945,6.6
"1570",1945-08-21,-10.5,-75,120,1945,6.6
"1571",1945-08-28,31,140,100,1945,6.7
"1572",1945-08-29,-13.925,167.606,42.8,1945,7.1
"1573",1945-09-01,-46.994,165.835,35,1945,7.1
"1574",1945-09-05,-5.182,152.686,35,1945,7.1
"1575",1945-09-09,-17,167,60,1945,6.6
"1576",1945-09-13,-33.83,-70.409,91.4,1945,7
"1577",1945-09-19,42.5,144.4,65,1945,6.6
"1578",1945-09-22,-4,147,50,1945,6.8
"1579",1945-10-07,12.25,-89.25,0,1945,6.6
"1580",1945-10-09,43.356,147.515,78.6,1945,7
"1581",1945-10-16,-0.25,125,50,1945,6.9
"1582",1945-10-27,15,-91.25,200,1945,6.6
"1583",1945-10-28,-13.75,167.5,200,1945,6.6
"1584",1945-11-03,58.5,-151,50,1945,6.6
"1585",1945-11-26,-21,180,600,1945,6.9
"1586",1945-11-27,24.855,63.545,35,1945,8
"1587",1945-12-08,-5.74,150.374,35,1945,7.1
"1588",1945-12-27,-6,151,40,1945,6.9
"1589",1945-12-28,-6.003,150.618,35,1945,7.6
"1590",1946-01-05,-15.323,167.049,35,1946,7.1
"1591",1946-01-11,44,129.5,580,1946,6.9
"1592",1946-01-12,59.25,-147.25,50,1946,6.7
"1593",1946-01-17,-6.397,147.195,106.8,1946,7.2
"1594",1946-01-20,-17.5,167.5,0,1946,6.7
"1595",1946-02-04,53,-176,160,1946,6.6
"1596",1946-03-26,-3,102,0,1946,6.6
"1597",1946-04-01,53.362,-162.854,35,1946,8.6
"1598",1946-04-11,-1.458,-14.252,35,1946,7.2
"1599",1946-04-23,-50,140,0,1946,6.6
"1600",1946-05-03,-4.548,153.166,35,1946,7.2
"1601",1946-05-08,-0.529,99.072,35,1946,7.1
"1602",1946-05-21,14.5,-60.5,50,1946,6.5
"1603",1946-06-07,16.5,-94,100,1946,6.9
"1604",1946-06-15,-2,128,60,1946,6.6
"1605",1946-06-23,49.762,-125.061,35,1946,7.6
"1606",1946-07-09,-19.17,169.318,176.9,1946,7.2
"1607",1946-07-11,17,-94.5,130,1946,6.9
"1608",1946-07-12,53.5,-169,100,1946,6.6
"1609",1946-07-26,-19.75,-70.5,70,1946,6.6
"1610",1946-08-02,-26.437,-70.813,41.4,1946,7.1
"1611",1946-08-04,18.959,-69,51.2,1946,7.9
"1612",1946-08-08,19.63,-69.631,50,1946,7.5
"1613",1946-08-11,-8,156,0,1946,6.6
"1614",1946-08-21,-24,-177,100,1946,6.9
"1615",1946-08-28,-26.547,-63.432,572.7,1946,7.1
"1616",1946-09-12,23.927,96.959,35,1946,7.3
"1617",1946-09-12,23.358,95.737,35,1946,7.7
"1618",1946-09-23,-6.549,145.742,97.9,1946,7.1
"1619",1946-09-26,-25,179,600,1946,6.9
"1620",1946-09-29,-4.87,153.147,35,1946,7.6
"1621",1946-09-30,-13,-76,70,1946,6.9
"1622",1946-10-02,51,159,60,1946,6.6
"1623",1946-10-02,51,159,60,1946,6.6
"1624",1946-10-08,-25,178,670,1946,6.6
"1625",1946-10-22,-14.5,168,220,1946,6.6
"1626",1946-10-26,-60,-35,0,1946,6.6
"1627",1946-10-30,54.25,-164,0,1946,6.7
"1628",1946-11-01,51.584,-174.525,65,1946,7
"1629",1946-11-02,41.849,71.805,39.8,1946,7.3
"1630",1946-11-04,39.845,54.667,47,1946,7.1
"1631",1946-11-10,-8.5,-77.5,0,1946,6.8
"1632",1946-11-12,-20.035,-173.027,10,1946,7.1
"1633",1946-11-28,-17.981,-175.062,277.5,1946,7
"1634",1946-12-04,22.5,122.5,0,1946,6.6
"1635",1946-12-19,24.75,122.5,100,1946,6.6
"1636",1946-12-20,33.064,135.686,35,1946,8.1
"1637",1946-12-21,43.728,148.338,30,1946,7.2
"1638",1947-01-03,43.6,148.9,0,1947,6.7
"1639",1947-01-21,-24.5,-70.3,0,1947,6.8
"1640",1947-01-26,12.085,-86.222,165.5,1947,7
"1641",1947-01-29,-26.66,-63.492,573.6,1947,7
"1642",1947-02-07,-10,161.5,50,1947,6.6
"1643",1947-02-18,33,136.75,440,1947,6.6
"1644",1947-03-02,-5,144.5,50,1947,6.8
"1645",1947-03-17,33.274,99.695,35,1947,7.5
"1646",1947-03-25,-38.447,176.816,160,1947,7
"1647",1947-04-02,-0.978,137.996,35,1947,7.2
"1648",1947-04-14,43.847,148.837,15,1947,7.1
"1649",1947-04-24,8.5,-39,50,1947,6.6
"1650",1947-05-06,-6.335,148.922,35,1947,7.3
"1651",1947-05-27,-1.938,135.289,35,1947,7.2
"1652",1947-06-07,11.5,125,0,1947,6.7
"1653",1947-06-12,0.962,126.151,40,1947,7.1
"1654",1947-06-13,21.5,145.5,0,1947,6.9
"1655",1947-06-19,22,145.5,0,1947,6.6
"1656",1947-07-29,28.388,93.589,35,1947,7.3
"1657",1947-08-05,24.959,63.516,35,1947,6.9
"1658",1947-08-06,-9.25,-71.5,600,1947,6.6
"1659",1947-08-07,19.75,-75.25,50,1947,6.6
"1660",1947-08-28,49,155.5,40,1947,6.6
"1661",1947-09-02,-19,-176,250,1947,6.6
"1662",1947-09-03,47,153,120,1947,6.6
"1663",1947-09-23,33.588,58.604,35,1947,6.6
"1664",1947-09-26,24.843,123.118,118.6,1947,7.4
"1665",1947-10-06,37,22,0,1947,6.9
"1666",1947-10-16,64.251,-148.389,25.7,1947,7.1
"1667",1947-11-01,-11.727,-76.396,35,1947,7.7
"1668",1947-11-04,44.173,140.932,20,1947,7.1
"1669",1947-11-09,-22.5,170,50,1947,6.5
"1670",1947-11-14,43.9,143.2,160,1947,6.7
"1671",1947-12-15,-59.5,-160,60,1947,6.6
"1672",1948-01-04,-20.75,-179,600,1948,6.9
"1673",1948-01-06,17,-98,80,1948,6.9
"1674",1948-01-06,17,-98,80,1948,6.8
"1675",1948-01-20,-33.5,-178,50,1948,6.6
"1676",1948-01-22,-22,-177,140,1948,6.9
"1677",1948-01-24,10.726,122.253,35,1948,8.1
"1678",1948-01-27,-20.36,-177.686,630.8,1948,7
"1679",1948-01-28,1.538,126.6,35,1948,7.1
"1680",1948-02-09,35.5,27,40,1948,6.9
"1681",1948-02-09,0,122.5,160,1948,6.9
"1682",1948-03-01,-3.459,127.01,35,1948,7.1
"1683",1948-03-03,18.755,119.026,35,1948,7
"1684",1948-03-13,1.5,126.5,60,1948,6.6
"1685",1948-04-17,33.133,135.616,15.4,1948,7.2
"1686",1948-04-21,19.319,-69.703,35,1948,7.1
"1687",1948-05-09,32,131.5,0,1948,6.7
"1688",1948-05-11,-17.418,-70.628,59.5,1948,7.4
"1689",1948-05-12,37.8,142.6,65,1948,6.6
"1690",1948-05-14,54.544,-160.97,35,1948,7.3
"1691",1948-05-25,30.409,100.577,43.8,1948,7.2
"1692",1948-05-28,-13,-76.5,60,1948,6.8
"1693",1948-06-15,33.75,135.25,0,1948,6.7
"1694",1948-06-28,36.142,136.144,15,1948,7
"1695",1948-06-29,-15.5,-172.5,60,1948,6.5
"1696",1948-07-07,33,136.5,0,1948,6.6
"1697",1948-07-20,-16.628,-74.051,55.4,1948,7.1
"1698",1948-08-11,17.75,-95.25,100,1948,6.6
"1699",1948-08-25,-24.5,-65,50,1948,6.9
"1700",1948-09-02,10.126,125.395,85,1948,7
"1701",1948-09-08,-21.333,-173.764,35,1948,7.8
"1702",1948-09-10,43.5,147,40,1948,6.9
"1703",1948-10-05,38.146,58.466,15,1948,7.2
"1704",1948-10-28,36.1,141.2,65,1948,6.5
"1705",1948-11-19,9.449,-83.875,38.5,1948,7
"1706",1948-11-21,-13.5,167,180,1948,6.6
"1707",1948-11-26,-5.083,144.842,55.3,1948,7
"1708",1948-12-04,22,-106.5,0,1948,6.7
"1709",1948-12-15,22,142.5,240,1948,6.6
"1710",1948-12-23,55.5,166,60,1948,6.6
"1711",1949-01-19,23.8,121.8,0,1949,6.5
"1712",1949-01-20,35.6,134.2,0,1949,6.5
"1713",1949-01-23,-11,93,50,1949,6.7
"1714",1949-01-24,-22,-176,110,1949,6.9
"1715",1949-02-02,53,-173,220,1949,6.8
"1716",1949-02-10,-15.8,-172.8,0,1949,6.6
"1717",1949-02-13,-33.5,-178,60,1949,6.8
"1718",1949-02-23,41.914,84.031,35,1949,7.3
"1719",1949-02-28,-57,-29,60,1949,6.6
"1720",1949-03-04,36.635,70.859,228.4,1949,7.4
"1721",1949-03-16,-5.5,151,60,1949,6.6
"1722",1949-03-17,-5.5,151,60,1949,6.6
"1723",1949-03-27,2.577,127.67,35,1949,7.1
"1724",1949-04-05,41,131,580,1949,6.5
"1725",1949-04-13,47.167,-122.392,30,1949,6.5
"1726",1949-04-18,-15.8,-172.8,0,1949,6.8
"1727",1949-04-20,-37.601,-72.73,55,1949,7.1
"1728",1949-04-23,-7.976,120.811,42.1,1949,7
"1729",1949-04-25,-19.753,-69.107,69.6,1949,7.2
"1730",1949-04-30,6.157,125.554,93.7,1949,7.3
"1731",1949-05-03,48.6,153.5,96,1949,6.8
"1732",1949-05-08,-20.8,-69,129,1949,6.6
"1733",1949-05-09,4.692,95.572,35,1949,6.6
"1734",1949-05-30,-20.8,-69,96,1949,6.8
"1735",1949-06-12,-26.5,-62.5,620,1949,6.7
"1736",1949-06-12,-26.5,-62.5,620,1949,6.7
"1737",1949-06-23,-16.1,168.3,129,1949,6.6
"1738",1949-06-24,-6.2,105.7,65,1949,6.8
"1739",1949-07-02,16,148,50,1949,6.6
"1740",1949-07-10,39.18,70.708,35,1949,7.6
"1741",1949-07-10,39.2,70.7,0,1949,6.5
"1742",1949-07-23,-18.91,169.188,143.7,1949,7.2
"1743",1949-07-23,38.6,26.3,0,1949,6.6
"1744",1949-07-25,16.4,147.6,191,1949,6.6
"1745",1949-07-25,-34,-112,0,1949,6.6
"1746",1949-07-27,-28,-177,70,1949,6.9
"1747",1949-08-05,-1.5,-78.25,0,1949,6.6
"1748",1949-08-06,-19.138,-174.232,65.9,1949,7.2
"1749",1949-08-17,39.5,40.6,0,1949,6.6
"1750",1949-08-22,53.688,-133.104,35,1949,8
"1751",1949-08-25,52.2,-179.3,0,1949,6.6
"1752",1949-09-14,0.75,126,50,1949,6.9
"1753",1949-09-20,-29.5,-177.5,80,1949,6.7
"1754",1949-09-24,-6.5,155,60,1949,6.6
"1755",1949-09-27,59.75,-149,50,1949,6.7
"1756",1949-10-07,-33.25,58,0,1949,6.6
"1757",1949-10-19,-5.813,153.595,45,1949,7.5
"1758",1949-10-31,-5.6,153.6,96,1949,6.6
"1759",1949-11-03,48.5,154,160,1949,6.6
"1760",1949-11-07,-14,167,96,1949,6.6
"1761",1949-11-20,28.1,-112.6,0,1949,6.6
"1762",1949-11-22,-29.189,-178.046,190,1949,7.1
"1763",1949-11-27,-18,-173,60,1949,6.6
"1764",1949-12-17,-53.909,-69.605,35,1949,7.8
"1765",1949-12-17,-54.319,-68.474,35,1949,7.8
"1766",1949-12-18,-34.5,180,190,1949,6.6
"1767",1949-12-21,-19.5,-64,620,1949,6.6
"1768",1949-12-26,-15.5,-180,0,1949,6.8
"1769",1949-12-27,-60,-22,50,1949,6.7
"1770",1949-12-29,17.191,121.409,35,1949,7.2
"1771",1950-01-02,-11.5,165.4,0,1950,6.8
"1772",1950-01-12,-18,-178,550,1950,6.6
"1773",1950-01-30,-53.5,-71.5,0,1950,6.9
"1774",1950-02-02,21.758,99.97,35,1950,7.1
"1775",1950-02-05,-48.2,164.2,0,1950,6.7
"1776",1950-02-28,45.865,143.454,333.6,1950,7.5
"1777",1950-03-02,-60,-35,0,1950,6.7
"1778",1950-03-07,10.5,122.3,0,1950,6.7
"1779",1950-03-14,-8.5,-74,160,1950,6.6
"1780",1950-03-27,53.3,172.2,0,1950,6.6
"1781",1950-03-27,-5.9,102.9,0,1950,6.8
"1782",1950-04-04,52,101.4,0,1950,6.6
"1783",1950-04-26,33.7,135.8,33,1950,6.6
"1784",1950-05-17,39.25,130.25,580,1950,6.5
"1785",1950-05-17,-21,169,40,1950,6.6
"1786",1950-05-19,-20.6,169,0,1950,6.7
"1787",1950-05-25,12.545,143.421,77.6,1950,7.1
"1788",1950-05-26,-20.25,169.25,40,1950,6.9
"1789",1950-05-27,-18.5,-178,603,1950,6.6
"1790",1950-06-07,-4,-76.5,110,1950,6.6
"1791",1950-06-19,-6.25,112,0,1950,6.6
"1792",1950-06-21,-20.25,169.25,40,1950,6.8
"1793",1950-06-24,-20.5,169.5,40,1950,6.8
"1794",1950-07-09,-33,-112,0,1950,6.6
"1795",1950-07-09,-8.161,-71.018,645.4,1950,7
"1796",1950-07-09,-8.136,-70.886,647.8,1950,7
"1797",1950-07-09,36.634,71.285,214.8,1950,7.5
"1798",1950-07-13,28,139.6,540,1950,6.7
"1799",1950-07-21,-16.1,168.3,0,1950,6.5
"1800",1950-07-29,2.297,127.398,35,1950,7
"1801",1950-07-29,-6.5,155,70,1950,6.9
"1802",1950-08-05,-48.2,164.2,0,1950,6.6
"1803",1950-08-07,6.2,125.6,128,1950,6.6
"1804",1950-08-14,-27.431,-62.795,610.9,1950,7.2
"1805",1950-08-15,28.29,96.657,35,1950,8.6
"1806",1950-08-17,-22.3,-179.2,603,1950,6.7
"1807",1950-08-31,5.87,125.845,90,1950,7
"1808",1950-09-10,35.5,140.4,0,1950,6.6
"1809",1950-09-10,-14.86,167.459,142,1950,7.1
"1810",1950-09-19,-2,138.5,0,1950,6.7
"1811",1950-09-22,-25.5,-114,0,1950,6.6
"1812",1950-09-22,-17.6,-177.1,413,1950,6.8
"1813",1950-09-29,19,-107,60,1950,6.6
"1814",1950-10-05,10.438,-85.126,97.2,1950,7.8
"1815",1950-10-08,-4.41,128.281,35,1950,7.5
"1816",1950-10-21,17.8,-105.5,0,1950,6.6
"1817",1950-10-23,14.358,-92.063,64.6,1950,7.5
"1818",1950-11-02,-6.893,129.247,194.4,1950,7.4
"1819",1950-11-05,33.25,134.75,0,1950,6.7
"1820",1950-11-08,-9.791,159.957,35,1950,7.1
"1821",1950-11-17,16.8,-100.7,0,1950,6.6
"1822",1950-11-22,51.4,-176,0,1950,6.6
"1823",1950-12-01,14,-47.25,60,1950,6.6
"1824",1950-12-02,-8.2,-71,667,1950,6.6
"1825",1950-12-02,-18.242,167.29,45.7,1950,7.2
"1826",1950-12-02,-18.25,167.5,60,1950,7
"1827",1950-12-03,-18,167.7,0,1950,6.5
"1828",1950-12-04,-4.92,153.796,79.5,1950,7.3
"1829",1950-12-09,-24.139,-67.805,115,1950,7.7
"1830",1950-12-10,-14.407,-75.718,57.2,1950,7.1
"1831",1950-12-10,-28.715,-178.795,221.2,1950,7.2
"1832",1950-12-14,-19.818,-175.812,210.2,1950,7.5
"1833",1950-12-14,16.722,-98.228,35,1950,7.3
"1834",1951-01-05,7.168,-80.806,35,1951,6.6
"1835",1951-01-06,36.5,71,223,1951,6.6
"1836",1951-01-06,7.104,-80.986,58,1951,6.7
"1837",1951-01-08,-5,151,0,1951,6.7
"1838",1951-01-15,-14.9,167.1,96,1951,6.5
"1839",1951-01-23,-55,-136.5,0,1951,6.7
"1840",1951-02-13,-15,-175.25,250,1951,6.7
"1841",1951-02-13,55.689,-156.261,35,1951,7.2
"1842",1951-02-17,-7.206,145.903,185,1951,7.2
"1843",1951-03-04,-16,-74.5,64,1951,6.7
"1844",1951-03-05,28.5,128,170,1951,6.7
"1845",1951-03-09,-8.7,124.1,540,1951,6.6
"1846",1951-03-10,-15.231,167.427,102.4,1951,7.2
"1847",1951-03-23,-30.5,180,270,1951,6.8
"1848",1951-03-24,-10.6,165.5,160,1951,6.9
"1849",1951-04-10,-15.5,-173,0,1951,6.6
"1850",1951-04-14,-23.3,-66.4,223,1951,6.8
"1851",1951-04-16,31,138.5,470,1951,6.6
"1852",1951-05-01,-50.5,149,0,1951,6.8
"1853",1951-05-06,71.5,-9,0,1951,6.8
"1854",1951-05-21,-5.934,154.529,151.2,1951,7
"1855",1951-06-05,29.75,131.75,60,1951,6.6
"1856",1951-06-06,71.3,-9.7,0,1951,6.8
"1857",1951-06-07,-28.5,-175.9,0,1951,6.8
"1858",1951-06-12,36.668,70.955,222.2,1951,7.5
"1859",1951-07-11,27.5,139.5,480,1951,6.9
"1860",1951-07-18,1,-27,0,1951,6.7
"1861",1951-08-13,40.8,33.4,0,1951,6.5
"1862",1951-08-21,19.75,-156,60,1951,6.7
"1863",1951-10-11,-5.5,152,60,1951,6.7
"1864",1951-10-18,41.6,142,33,1951,6.5
"1865",1951-10-21,23.2,120.909,25,1951,7.5
"1866",1951-10-22,23.688,121.192,25,1951,7.2
"1867",1951-10-22,23.688,120.909,25,1951,7
"1868",1951-10-22,23.9,121.7,0,1951,6.6
"1869",1951-10-22,23.578,121.316,25,1951,7.1
"1870",1951-10-22,23.9,121.7,0,1951,6.5
"1871",1951-10-25,23,121.3,40,1951,6.5
"1872",1951-10-28,-58,158,0,1951,6.6
"1873",1951-11-06,47.407,153.961,25,1951,7.2
"1874",1951-11-09,-21.75,-68,120,1951,6.6
"1875",1951-11-18,30.5,91.5,0,1951,6.8
"1876",1951-11-18,30.899,91.359,35,1951,7.7
"1877",1951-11-24,23.147,121.185,25,1951,7.3
"1878",1951-12-08,-34.155,57.08,21.4,1951,7.5
"1879",1951-12-12,16.5,-96.9,160,1951,6.8
"1880",1951-12-18,-19.3,-174.5,64,1951,6.6
"1881",1951-12-28,16.9,-98.7,33,1951,6.6
"1882",1952-01-13,23,124.5,0,1952,6.7
"1883",1952-01-21,52.5,-167.5,0,1952,6.6
"1884",1952-02-11,-5.5,110,660,1952,6.7
"1885",1952-02-14,-7.766,126.618,35,1952,7.2
"1886",1952-02-14,7.3,-76.5,0,1952,6.6
"1887",1952-02-25,-16.7,-173.5,0,1952,6.7
"1888",1952-02-26,-14,-70.5,260,1952,6.9
"1889",1952-03-04,42.144,143.896,28.8,1952,8.1
"1890",1952-03-04,41.659,144.618,35,1952,7.1
"1891",1952-03-04,-10.5,162.1,0,1952,6.6
"1892",1952-03-04,41.7,144.9,64,1952,6.5
"1893",1952-03-09,41.92,143.338,46.3,1952,7.2
"1894",1952-03-13,28.5,127.3,287,1952,6.5
"1895",1952-03-19,39,125.5,0,1952,6.5
"1896",1952-03-19,9.329,126.88,15,1952,7.7
"1897",1952-04-19,7.2,-72.1,64,1952,6.7
"1898",1952-05-09,-6.576,155.348,35,1952,6.7
"1899",1952-05-13,10.3,-85.3,64,1952,6.7
"1900",1952-05-16,6.7,-78.9,0,1952,6.7
"1901",1952-05-19,42.2,143.9,0,1952,6.6
"1902",1952-05-24,-20.5,-70.5,0,1952,6.6
"1903",1952-05-28,35.4,135.8,350,1952,6.7
"1904",1952-06-11,-31.603,-68.52,25,1952,6.5
"1905",1952-06-22,46.7,153.7,0,1952,6.8
"1906",1952-07-13,-18.5,169.25,260,1952,6.6
"1907",1952-07-13,-3.1,127.4,33,1952,6.6
"1908",1952-07-17,34.4,135.8,64,1952,6.6
"1909",1952-07-21,34.927,-119.06,15,1952,7.3
"1910",1952-08-17,30.81,91.625,35,1952,7.7
"1911",1952-09-09,9.2,-84.2,0,1952,6.7
"1912",1952-09-11,-29.6,-177.1,0,1952,6.8
"1913",1952-09-21,-22.23,-65.985,271.1,1952,7.1
"1914",1952-09-27,50.2,157.3,96,1952,6.5
"1915",1952-10-03,6.7,-82.5,0,1952,6.5
"1916",1952-10-26,39.3,143.7,33,1952,6.5
"1917",1952-11-04,52.756,160.056,22.1,1952,9
"1918",1952-11-06,-4.545,144.816,49.3,1952,7.1
"1919",1952-11-29,52.6,160.3,33,1952,6.7
"1920",1952-11-29,56.3,-153.8,0,1952,6.6
"1921",1952-12-06,-8.238,156.108,35,1952,7.2
"1922",1952-12-17,34.4,24.5,0,1952,6.6
"1923",1952-12-22,53.8,161.7,0,1952,6.6
"1924",1952-12-24,-5.472,151.779,21.7,1952,7.1
"1925",1953-01-05,53.483,171.236,20,1953,7.2
"1926",1953-01-05,49.233,155.455,39.7,1953,7.1
"1927",1953-01-12,50,156.4,64,1953,6.7
"1928",1953-01-30,-11.9,166.8,96,1953,6.5
"1929",1953-02-14,18.5,146,64,1953,6.5
"1930",1953-02-25,56,-156.2,0,1953,6.6
"1931",1953-02-26,-10.944,164.091,35,1953,7.1
"1932",1953-03-03,-20.6,169,0,1953,6.5
"1933",1953-03-18,40.121,27.582,9.4,1953,7.2
"1934",1953-03-19,14.061,-61.215,119.5,1953,7.1
"1935",1953-04-14,-8.2,-71,603,1953,6.5
"1936",1953-04-23,-4.477,153.456,55,1953,7.6
"1937",1953-04-30,-20.6,169,0,1953,6.5
"1938",1953-05-06,-36.901,-72.716,35,1953,7.5
"1939",1953-05-20,0.4,123.7,96,1953,6.5
"1940",1953-05-31,19.4,-70.4,33,1953,6.7
"1941",1953-06-25,-9.2,123,0,1953,6.8
"1942",1953-06-25,-8.809,123.412,25,1953,6.9
"1943",1953-06-26,-8.777,124.005,25,1953,6.7
"1944",1953-07-02,-19.225,169.602,245,1953,7.4
"1945",1953-07-26,17.8,145.6,192,1953,6.7
"1946",1953-08-11,38.3,20.8,0,1953,6.6
"1947",1953-08-12,38.137,20.76,20,1953,7.2
"1948",1953-08-13,-21.5,170.2,128,1953,6.6
"1949",1953-09-04,50.6,156.7,64,1953,6.5
"1950",1953-09-14,-18.3,178.2,33,1953,6.6
"1951",1953-09-17,-20.5,-174,100,1953,6.5
"1952",1953-09-23,50,156.4,64,1953,6.6
"1953",1953-09-29,-37.506,176.879,305,1953,7
"1954",1953-09-30,22,-107.5,0,1953,6.5
"1955",1953-10-05,54.1,161,0,1953,6.6
"1956",1953-10-11,50,156.4,33,1953,6.6
"1957",1953-10-14,42.8,144.6,128,1953,6.7
"1958",1953-10-27,-19.5,-66.5,287,1953,6.5
"1959",1953-11-04,-13.006,166.343,33.3,1953,7.5
"1960",1953-11-10,51.116,157.499,36.2,1953,7
"1961",1953-11-13,-13,166.4,0,1953,6.5
"1962",1953-11-17,13.395,-92.099,20,1953,6.9
"1963",1953-11-25,34.015,141.817,15,1953,7.9
"1964",1953-11-26,34.75,141.75,33,1953,6.6
"1965",1953-12-01,29.1,128.399,223,1953,6.6
"1966",1953-12-07,-22.54,-68.832,100,1953,7.2
"1967",1953-12-12,-3.619,-80.857,20,1953,7.5
"1968",1953-12-25,52.3,159.6,64,1953,6.7
"1969",1954-01-12,-48.2,164.2,0,1954,6.5
"1970",1954-01-12,-48.2,164.2,0,1954,6.5
"1971",1954-01-13,-49,165.8,0,1954,6.7
"1972",1954-02-01,24.279,143.986,46.1,1954,6.8
"1973",1954-02-05,-4.6,153.5,0,1954,6.5
"1974",1954-02-11,38.878,101.225,25.2,1954,7.1
"1975",1954-02-19,11.7,-86.9,0,1954,6.6
"1976",1954-02-19,-30.194,-177.276,30,1954,6.7
"1977",1954-02-20,-7.233,124.364,520.2,1954,7
"1978",1954-02-22,-57.061,-26.854,75,1954,7
"1979",1954-03-03,-5.667,142.537,15,1954,6.9
"1980",1954-03-21,24.305,95.136,180,1954,7.4
"1981",1954-03-28,39.1,41,0,1954,6.8
"1982",1954-03-29,37.008,-3.528,624.8,1954,7
"1983",1954-03-31,12.369,57.999,26.5,1954,7.1
"1984",1954-04-17,51.7,-179.4,0,1954,6.5
"1985",1954-04-29,28.9,-112.9,0,1954,6.6
"1986",1954-04-29,29.032,-112.967,15,1954,7.1
"1987",1954-04-30,39.192,22.191,45,1954,6.8
"1988",1954-05-03,51.9,159.8,0,1954,6.5
"1989",1954-05-14,36,137.4,223,1954,6.6
"1990",1954-06-06,-3.4,135.5,0,1954,6.6
"1991",1954-06-07,-3.6,152.5,477,1954,6.6
"1992",1954-06-15,-5.4,-76.7,128,1954,6.5
"1993",1954-07-02,13,123.9,0,1954,6.6
"1994",1954-07-03,-6.6,105.6,96,1954,6.9
"1995",1954-07-06,46.6,153.4,33,1954,6.5
"1996",1954-07-06,39.5,-118.5,0,1954,6.5
"1997",1954-07-31,38.7,104.2,0,1954,6.5
"1998",1954-08-18,-21.2,-176,160,1954,6.7
"1999",1954-08-24,39.5,-118.3,0,1954,6.6
"2000",1954-09-09,36.2,1.6,0,1954,6.5
"2001",1954-09-13,-20.5,-175.8,128,1954,6.5
"2002",1954-09-15,-17.8,-178.6,540,1954,6.7
"2003",1954-09-17,-21.414,-176.545,248.4,1954,7
"2004",1954-10-01,-10.9,166.2,0,1954,6.6
"2005",1954-10-03,-10.7,165.9,0,1954,6.7
"2006",1954-10-03,60.7,-150.3,64,1954,6.6
"2007",1954-10-21,-41.3,80.2,0,1954,6.5
"2008",1954-11-25,40.5,-125.6,0,1954,6.5
"2009",1954-12-16,39.209,-118.173,20,1954,7.1
"2010",1954-12-16,39.2,-118,0,1954,6.7
"2011",1955-01-05,-49.658,163.01,35,1955,7.1
"2012",1955-01-05,-16.291,167.361,21.3,1955,6.7
"2013",1955-01-05,-16.08,167.402,25,1955,6.6
"2014",1955-01-08,-12.384,166.529,300,1955,6.6
"2015",1955-01-13,52.826,-167.443,34.9,1955,6.7
"2016",1955-02-27,-28.424,-175.548,20,1955,7.8
"2017",1955-03-14,52.767,-173.402,143.6,1955,6.5
"2018",1955-03-18,54.202,161.225,63.4,1955,7.2
"2019",1955-03-22,-9.191,91.76,15,1955,6.9
"2020",1955-03-31,7.594,122.825,35,1955,7.3
"2021",1955-04-05,25.2,-109.6,0,1955,6.6
"2022",1955-04-14,30.01,101.706,16.3,1955,7.5
"2023",1955-04-15,39.833,74.66,35,1955,7.1
"2024",1955-04-15,39.9,74.7,0,1955,6.7
"2025",1955-04-17,52.2,159.7,64,1955,6.6
"2026",1955-04-19,-29.9,-71.6,0,1955,6.9
"2027",1955-04-22,46,150.5,128,1955,6.5
"2028",1955-05-11,-0.2,-77.8,0,1955,6.6
"2029",1955-05-14,27.6,139.9,477,1955,6.5
"2030",1955-05-17,6.748,93.73,25,1955,7.2
"2031",1955-05-26,-10,160.7,0,1955,6.6
"2032",1955-05-28,-30.8,-65.198,192,1955,6.5
"2033",1955-05-30,24.227,142.441,553.1,1955,7.1
"2034",1955-06-02,51.4,-179.8,0,1955,6.5
"2035",1955-06-20,51.4,-179.5,33,1955,6.6
"2036",1955-07-06,51.4,157.5,64,1955,6.6
"2037",1955-07-16,37.6,27.2,0,1955,6.6
"2038",1955-07-17,54.4,-168.3,0,1955,6.7
"2039",1955-08-06,-20.985,-177.41,185,1955,7
"2040",1955-08-16,-6.2,155,192,1955,6.9
"2041",1955-08-21,-3.1,137.5,128,1955,6.7
"2042",1955-08-28,13.8,-90.8,64,1955,6.6
"2043",1955-09-12,32.2,29.6,33,1955,6.5
"2044",1955-09-15,-4.8,134.2,0,1955,6.5
"2045",1955-09-22,23.9,122.5,0,1955,6.6
"2046",1955-09-23,26.6,101.7,0,1955,6.9
"2047",1955-09-26,15.9,-92.2,223,1955,6.7
"2048",1955-10-10,-5.04,152.711,25,1955,7.3
"2049",1955-10-13,-10.054,160.797,100,1955,7.1
"2050",1955-11-04,-34.4,-70.1,128,1955,6.5
"2051",1955-11-10,-15.547,-173.637,66.4,1955,7
"2052",1955-11-17,-26.2,-70.2,64,1955,6.5
"2053",1955-11-22,-24.4,-122.6,0,1955,6.6
"2054",1955-11-23,50.7,157.2,33,1955,6.8
"2055",1955-12-06,-20.2,-70.2,0,1955,6.5
"2056",1955-12-07,26.4,142.7,0,1955,6.7
"2057",1956-01-08,-19.051,-70.631,43.3,1956,6.7
"2058",1956-01-10,-26.215,-174.972,35,1956,6.9
"2059",1956-01-16,-0.819,-80.281,35,1956,6.9
"2060",1956-01-31,-3.421,152.035,362.1,1956,6.9
"2061",1956-02-01,18.853,145.06,379.9,1956,7
"2062",1956-02-09,31.705,-116.059,15,1956,6.6
"2063",1956-02-18,30.173,138.275,480.2,1956,7.1
"2064",1956-03-03,-15.26,-173.52,35,1956,6.5
"2065",1956-03-13,7.904,-81.829,35,1956,6.7
"2066",1956-04-06,36.383,70.762,206,1956,6.6
"2067",1956-04-10,-2.923,102.236,133,1956,6.6
"2068",1956-05-23,-15.523,-178.589,402.5,1956,7.2
"2069",1956-06-09,-30.238,-71.445,29.1,1956,6.6
"2070",1956-06-09,35.031,67.476,35,1956,7.6
"2071",1956-06-23,56.258,163.515,19.8,1956,6.5
"2072",1956-07-09,36.583,26.041,35,1956,7.8
"2073",1956-07-09,36.508,25.956,35,1956,6.7
"2074",1956-07-09,19.769,-72.951,45.6,1956,6.7
"2075",1956-07-16,22.085,95.821,25.2,1956,7.1
"2076",1956-07-17,-6.929,126.073,446.9,1956,6.6
"2077",1956-07-18,-5.048,130.358,106.2,1956,7.2
"2078",1956-07-23,-23.65,-112.07,0,1956,6.6
"2079",1956-08-09,-16.12,-174.799,284.7,1956,6.5
"2080",1956-09-29,35.635,140.323,66.6,1956,6.7
"2081",1956-10-11,45.904,150.607,101.4,1956,7.3
"2082",1956-10-23,13.59,120.58,115,1956,6.5
"2083",1956-10-24,11.619,-86.436,35,1956,7.2
"2084",1956-10-28,-33.389,-178.683,49.4,1956,6.6
"2085",1956-10-31,27.299,54.407,35,1956,6.6
"2086",1956-11-04,-22.181,-175.645,35.4,1956,6.6
"2087",1956-11-28,49.166,155.375,63.8,1956,6.5
"2088",1956-12-18,-25.502,-70.172,44.7,1956,6.9
"2089",1956-12-21,51.386,-130.719,15,1956,6.5
"2090",1956-12-27,-23.41,-176.882,195.7,1956,7
"2091",1957-01-02,52.449,-168.172,12.3,1957,6.7
"2092",1957-01-02,52.75,-167.855,25.8,1957,6.7
"2093",1957-01-02,52.47,-168.525,8.9,1957,6.5
"2094",1957-01-03,43.85,130.771,576.4,1957,6.9
"2095",1957-02-10,10.263,126.134,37.3,1957,6.5
"2096",1957-02-10,10.004,125.974,49.7,1957,6.6
"2097",1957-02-23,23.866,121.493,50.4,1957,7.2
"2098",1957-03-08,39.201,22.744,6.3,1957,6.6
"2099",1957-03-08,39.311,22.713,7.6,1957,6.7
"2100",1957-03-09,51.587,-175.419,35,1957,8.6
"2101",1957-03-09,52.474,-169.484,31.3,1957,7.2
"2102",1957-03-10,51.98,-173.936,12.4,1957,6.6
"2103",1957-03-11,51.058,-176.929,17.3,1957,6.6
"2104",1957-03-11,52.539,-168.896,35.6,1957,7.1
"2105",1957-03-11,51.407,-178.447,32.7,1957,6.9
"2106",1957-03-12,51.74,-176.665,32.2,1957,7.1
"2107",1957-03-13,51.463,-178.559,35,1957,6.7
"2108",1957-03-14,51.332,-176.62,35,1957,7.2
"2109",1957-03-16,51.516,-178.782,31.5,1957,7.1
"2110",1957-03-19,51.821,-174.634,7,1957,6.5
"2111",1957-03-22,53.695,-165.691,42.4,1957,7.1
"2112",1957-03-23,-5.492,130.913,126.7,1957,7.1
"2113",1957-03-29,53.331,-166.892,43.2,1957,6.5
"2114",1957-04-05,-26.623,-177.078,90.7,1957,6.5
"2115",1957-04-09,30.566,138.394,453.9,1957,6.6
"2116",1957-04-10,55.794,-153.823,25,1957,6.9
"2117",1957-04-14,-15.397,-173.138,35,1957,7.5
"2118",1957-04-16,-4.514,107.274,601.7,1957,7.2
"2119",1957-04-19,51.171,-168.253,26.3,1957,6.5
"2120",1957-04-19,52.094,-166.235,35,1957,6.5
"2121",1957-04-21,6.913,-72.053,15.4,1957,6.9
"2122",1957-04-24,36.319,28.733,35,1957,6.7
"2123",1957-04-25,36.355,28.698,35,1957,7.1
"2124",1957-05-12,-9.01,107.24,0,1957,6.5
"2125",1957-05-21,21.759,144.281,100.8,1957,6.9
"2126",1957-05-26,40.669,31.038,17.2,1957,7.2
"2127",1957-06-10,-8.948,117.892,57.9,1957,6.5
"2128",1957-06-10,13.09,143.91,151,1957,6.6
"2129",1957-06-11,-30.802,-177.947,47.9,1957,6.9
"2130",1957-06-11,17.885,120.204,35,1957,6.6
"2131",1957-06-13,51.518,-175.156,17.8,1957,6.7
"2132",1957-06-18,14.471,95.679,35,1957,6.5
"2133",1957-06-18,-25.606,170.071,35.9,1957,6.5
"2134",1957-06-19,-16.388,176.838,41,1957,6.5
"2135",1957-06-22,-2.009,136.684,35,1957,7.3
"2136",1957-06-27,56.419,116.44,15,1957,7.4
"2137",1957-07-01,24.444,93.868,35,1957,6.6
"2138",1957-07-02,36.069,52.695,35,1957,7.1
"2139",1957-07-10,7.524,-82.741,10,1957,6.5
"2140",1957-07-14,-27.139,-177.741,200.6,1957,7
"2141",1957-07-14,-30.061,-177.589,51.1,1957,6.6
"2142",1957-07-28,16.886,-99.288,41.2,1957,7.8
"2143",1957-08-11,-17.9,169.03,17,1957,6.6
"2144",1957-08-21,43.9,147,100,1957,6.5
"2145",1957-09-24,5.245,127.123,35,1957,7.7
"2146",1957-09-28,-20.693,-178.157,586.6,1957,7.2
"2147",1957-10-25,50.52,156.54,68,1957,6.6
"2148",1957-11-29,-20.537,-67.229,158.8,1957,7.4
"2149",1957-12-04,45.182,99.219,25,1957,8.1
"2150",1957-12-10,-6.563,154.947,23.1,1957,6.6
"2151",1957-12-13,6.777,-76.791,56.6,1957,6.5
"2152",1957-12-13,34.298,47.718,35,1957,6.8
"2153",1957-12-17,-12.473,166.672,124.2,1957,7.2
"2154",1958-01-15,-16.781,-72.492,69,1958,7
"2155",1958-01-19,0.985,-79.492,18.7,1958,7.8
"2156",1958-01-19,1.182,-79.586,35,1958,6.6
"2157",1958-01-27,-14.99,-174.1,47,1958,6.6
"2158",1958-02-01,1.458,-79.554,35,1958,6.7
"2159",1958-02-07,31.573,103.923,15.4,1958,6.6
"2160",1958-02-22,50.126,-175.5,35,1958,6.5
"2161",1958-03-11,23.812,124.163,35,1958,7.2
"2162",1958-03-28,36.557,70.986,184.8,1958,6.6
"2163",1958-04-07,65.895,-156.343,15,1958,7.3
"2164",1958-04-07,38.382,143.332,35,1958,6.7
"2165",1958-04-07,45.253,98.519,25,1958,6.6
"2166",1958-04-13,52.934,160.85,3.2,1958,6.5
"2167",1958-04-14,0.706,-79.575,35,1958,6.6
"2168",1958-05-09,-30.5,-65,200,1958,6.6
"2169",1958-05-31,-15.324,168.545,11.5,1958,7.1
"2170",1958-06-25,-3.543,144.67,46.7,1958,6.7
"2171",1958-06-29,-15.59,-71.33,171,1958,6.5
"2172",1958-07-10,58.475,-136.283,15,1958,7.8
"2173",1958-07-19,-0.719,129.792,35,1958,6.6
"2174",1958-07-26,-13.285,-69.41,614.7,1958,7.2
"2175",1958-08-06,-16.67,-173.06,54,1958,6.6
"2176",1958-08-15,53.516,160.227,45,1958,6.6
"2177",1958-08-15,1.556,124.94,77.9,1958,6.9
"2178",1958-08-16,34.255,47.875,35,1958,6.5
"2179",1958-09-04,-33.826,-70.14,35,1958,6.6
"2180",1958-09-25,7.939,-39.353,35,1958,6.5
"2181",1958-11-06,44.311,148.65,35,1958,8.4
"2182",1958-11-08,51.811,159.769,9,1958,6.6
"2183",1958-11-12,44.047,148.818,35,1958,7
"2184",1958-12-10,-36.92,177.02,274,1958,6.6
"2185",1959-01-13,13.43,146.09,0,1959,6.6
"2186",1959-01-22,37.557,142.48,32.1,1959,7.2
"2187",1959-01-30,-9.84,160.93,59,1959,6.6
"2188",1959-02-07,-3.786,-81.683,35,1959,6.9
"2189",1959-02-15,-59.758,-25.802,35,1959,6.5
"2190",1959-03-01,-0.99,134.172,43.5,1959,7
"2191",1959-04-26,24.682,122.766,117.8,1959,7.5
"2192",1959-05-04,53.37,159.663,35,1959,8
"2193",1959-05-12,-23.147,-64.937,35,1959,6.6
"2194",1959-05-24,17.456,-97.179,69.6,1959,7
"2195",1959-06-14,-20.275,-68.827,35,1959,7.5
"2196",1959-06-18,54.19,160.131,0.4,1959,6.6
"2197",1959-06-27,-33.715,179.922,163.1,1959,6.5
"2198",1959-06-27,41.797,79.954,25,1959,6.5
"2199",1959-07-03,-16.292,173.037,60.3,1959,6.6
"2200",1959-07-18,15.753,120.575,156.6,1959,6.7
"2201",1959-07-19,-15.087,-70.331,210.1,1959,7.1
"2202",1959-08-15,21.978,120.95,26.8,1959,7.2
"2203",1959-08-17,-7.893,156.341,35,1959,7.1
"2204",1959-08-18,21.987,121.533,174.5,1959,6.6
"2205",1959-08-18,44.566,-110.655,15,1959,7.3
"2206",1959-08-24,-10.506,161.336,35,1959,6.7
"2207",1959-08-26,18.16,-94.41,23.8,1959,6.7
"2208",1959-09-14,-28.725,-177.075,35,1959,7.8
"2209",1959-09-14,-28.73,-177.09,0,1959,6.5
"2210",1959-09-15,-28.665,-176.681,17.4,1959,6.7
"2211",1959-09-15,-22.053,-179.323,585.5,1959,6.9
"2212",1959-09-25,21.875,121.249,35,1959,6.6
"2213",1959-10-15,0.007,119.99,24.2,1959,6.5
"2214",1959-10-26,37.531,143.058,11.6,1959,6.5
"2215",1959-11-15,37.754,20.512,24.5,1959,6.6
"2216",1959-11-19,-5.91,146.493,128.2,1959,7
"2217",1959-11-26,-5.423,102.805,45.9,1959,6.5
"2218",1959-12-14,-59.903,-25.939,35,1959,6.9
"2219",1959-12-21,13.923,51.623,35,1959,6.6
"2220",1959-12-26,52.218,160.241,47.1,1959,6.5
"2221",1959-12-27,55.978,162.878,27.9,1959,6.6
